trial_number,fold,train_row_count,filtered_train_row_count,validation_row_count,selected_feature_count,accuracy,precision,recall,f1,f1_weighted,roc_auc,param_bootstrap,param_class_weight,param_criterion,param_max_depth,param_max_features,param_max_samples,param_min_samples_leaf,param_min_samples_split,param_n_estimators,param_n_jobs,param_random_state
0,1,2227,1826,557,24,0.6606822262118492,0.6986301369863014,0.2339449541284403,0.3505154639175257,0.6060355912997266,0.6919839787827122,False,,gini,15.0,0.5,,16,14,800,-1,73
0,2,2227,1826,557,3,0.6104129263913824,0.0,0.0,0.0,0.4627433555698328,0.5893060449986446,False,,gini,15.0,0.5,,16,14,800,-1,73
0,3,2227,1802,557,15,0.5960502692998204,0.4459459459459459,0.152073732718894,0.2268041237113402,0.5318920690335354,0.5947817836812144,False,,gini,15.0,0.5,,16,14,800,-1,73
0,4,2227,1828,557,8,0.6175942549371634,0.5666666666666667,0.0783410138248847,0.1376518218623481,0.5140772595680857,0.5431282190295472,False,,gini,15.0,0.5,,16,14,800,-1,73
0,5,2228,1818,556,17,0.6079136690647482,0.4827586206896552,0.064516129032258,0.1138211382113821,0.5006510873090522,0.5660046490763019,False,,gini,15.0,0.5,,16,14,800,-1,73
1,1,2227,1826,557,24,0.6678635547576302,0.726027397260274,0.2431192660550458,0.3642611683848797,0.6143734623833303,0.6888446862060567,False,,log_loss,20.0,sqrt,,2,28,300,-1,73
1,2,2227,1826,557,3,0.63016157989228,0.6,0.152073732718894,0.2426470588235294,0.5556041542234706,0.5895296828408783,False,,log_loss,20.0,sqrt,,2,28,300,-1,73
1,3,2227,1802,557,15,0.5960502692998204,0.4487179487179487,0.1612903225806451,0.2372881355932203,0.5351614578404585,0.5952561669829223,False,,log_loss,20.0,sqrt,,2,28,300,-1,73
1,4,2227,1828,557,8,0.6140035906642729,0.5192307692307693,0.1244239631336405,0.2007434944237918,0.5333078322267825,0.5395500135538085,False,,log_loss,20.0,sqrt,,2,28,300,-1,73
1,5,2228,1818,556,17,0.6133093525179856,0.5294117647058824,0.0829493087557603,0.1434262948207171,0.5134387374673467,0.5644549569756535,False,,log_loss,20.0,sqrt,,2,28,300,-1,73
2,1,2227,1826,557,24,0.6229802513464991,0.75,0.055045871559633,0.1025641025641025,0.5035210899214491,0.6799004086492922,False,,entropy,30.0,log2,,20,2,700,-1,73
2,2,2227,1826,557,3,0.6104129263913824,0.0,0.0,0.0,0.4627433555698328,0.5894415830848468,False,,entropy,30.0,log2,,20,2,700,-1,73
2,3,2227,1802,557,15,0.6086175942549371,0.4838709677419355,0.0691244239631336,0.1209677419354838,0.5038798661586111,0.585605855245324,False,,entropy,30.0,log2,,20,2,700,-1,73
2,4,2227,1828,557,8,0.6068222621184919,0.375,0.0138248847926267,0.0266666666666666,0.4704302267423035,0.5336541068040119,False,,entropy,30.0,log2,,20,2,700,-1,73
2,5,2228,1818,556,17,0.6151079136690647,0.8,0.0184331797235023,0.036036036036036,0.4771716911317591,0.5667387137555565,False,,entropy,30.0,log2,,20,2,700,-1,73
3,1,2227,1826,557,24,0.6535008976660682,0.5598086124401914,0.536697247706422,0.5480093676814989,0.6521189125571001,0.6910232470027875,True,balanced,entropy,50.0,,0.829102402672984,8,22,800,-1,73
3,2,2227,1826,557,3,0.5942549371633752,0.48,0.4976958525345622,0.4886877828054298,0.5955116890009697,0.5997085931146652,True,balanced,entropy,50.0,,0.829102402672984,8,22,800,-1,73
3,3,2227,1802,557,15,0.5763016157989228,0.4570135746606334,0.4654377880184331,0.4611872146118721,0.5769827661018048,0.6001084304689618,True,balanced,entropy,50.0,,0.829102402672984,8,22,800,-1,73
3,4,2227,1828,557,8,0.5314183123877917,0.4133858267716535,0.4838709677419355,0.445859872611465,0.5363415818617017,0.5428435890485226,True,balanced,entropy,50.0,,0.829102402672984,8,22,800,-1,73
3,5,2228,1818,556,17,0.5539568345323741,0.4304932735426009,0.4423963133640553,0.4363636363636363,0.5550067738017379,0.5651754278645515,True,balanced,entropy,50.0,,0.829102402672984,8,22,800,-1,73
4,1,2227,1826,557,24,0.6570915619389587,0.5692307692307692,0.5091743119266054,0.5375302663438256,0.653168723424425,0.6845146274796352,False,balanced,log_loss,15.0,0.3,,2,10,1000,-1,73
4,2,2227,1826,557,3,0.5834829443447038,0.4688796680497925,0.5207373271889401,0.4934497816593886,0.5867768405405079,0.5813499593385741,False,balanced,log_loss,15.0,0.3,,2,10,1000,-1,73
4,3,2227,1802,557,15,0.5870736086175943,0.4691943127962085,0.456221198156682,0.4626168224299065,0.5859850652981684,0.5975738682569802,False,balanced,log_loss,15.0,0.3,,2,10,1000,-1,73
4,4,2227,1828,557,8,0.5673249551166966,0.4508196721311475,0.5069124423963134,0.4772234273318872,0.5710504394202033,0.5551504472756844,False,balanced,log_loss,15.0,0.3,,2,10,1000,-1,73
4,5,2228,1818,556,17,0.5827338129496403,0.4611398963730569,0.4101382488479262,0.4341463414634146,0.5776538993945557,0.5613011976129303,False,balanced,log_loss,15.0,0.3,,2,10,1000,-1,73
5,1,2227,1826,557,24,0.6499102333931778,0.5477178423236515,0.6055045871559633,0.5751633986928104,0.652534931405557,0.6799139400828123,True,balanced,entropy,20.0,0.7,0.7652162719148826,15,3,400,-1,73
5,2,2227,1826,557,3,0.585278276481149,0.4678899082568807,0.4700460829493088,0.4689655172413793,0.5854495765683946,0.5933044185416101,True,balanced,entropy,20.0,0.7,0.7652162719148826,15,3,400,-1,73
5,3,2227,1802,557,15,0.5637342908438061,0.4429824561403508,0.4654377880184331,0.4539325842696629,0.5655397000699878,0.5884657088641909,True,balanced,entropy,20.0,0.7,0.7652162719148826,15,3,400,-1,73
5,4,2227,1828,557,8,0.547576301615799,0.429718875502008,0.4930875576036866,0.4592274678111588,0.5519392069888676,0.5346028734074275,True,balanced,entropy,20.0,0.7,0.7652162719148826,15,3,400,-1,73
5,5,2228,1818,556,17,0.5629496402877698,0.4444444444444444,0.4792626728110599,0.4611973392461197,0.5655665678485988,0.5698924731182795,True,balanced,entropy,20.0,0.7,0.7652162719148826,15,3,400,-1,73
6,1,2227,1826,557,24,0.6157989228007181,1.0,0.018348623853211,0.036036036036036,0.4767078266486531,0.6646369516386567,True,,log_loss,20.0,log2,0.7577150834103576,18,33,800,-1,73
6,2,2227,1826,557,3,0.6104129263913824,0.0,0.0,0.0,0.4627433555698328,0.5817497966928706,True,,log_loss,20.0,log2,0.7577150834103576,18,33,800,-1,73
6,3,2227,1802,557,15,0.6032315978456014,0.3333333333333333,0.0184331797235023,0.0349344978165938,0.4715921565959443,0.5773515857956085,True,,log_loss,20.0,log2,0.7577150834103576,18,33,800,-1,73
6,4,2227,1828,557,8,0.6122082585278277,0.6666666666666666,0.0092165898617511,0.0181818181818181,0.4700140099438836,0.5246001626457034,True,,log_loss,20.0,log2,0.7577150834103576,18,33,800,-1,73
6,5,2228,1818,556,17,0.6097122302158273,0.0,0.0,0.0,0.4618825609903139,0.5665484006905644,True,,log_loss,20.0,log2,0.7577150834103576,18,33,800,-1,73
7,1,2227,1826,557,24,0.6481149012567325,0.7291666666666666,0.1605504587155963,0.2631578947368421,0.570941916459113,0.6825390381857054,False,,entropy,50.0,0.3,,17,28,300,-1,73
7,2,2227,1826,557,3,0.6104129263913824,0.0,0.0,0.0,0.4627433555698328,0.5889875304960694,False,,entropy,50.0,0.3,,17,28,300,-1,73
7,3,2227,1802,557,15,0.5960502692998204,0.42,0.0967741935483871,0.1573033707865168,0.5095440921431242,0.5878828950935213,False,,entropy,50.0,0.3,,17,28,300,-1,73
7,4,2227,1828,557,8,0.6122082585278277,1.0,0.0046082949308755,0.0091743119266055,0.4668340035436045,0.5336676606126322,False,,entropy,50.0,0.3,,17,28,300,-1,73
7,5,2228,1818,556,17,0.6133093525179856,0.5714285714285714,0.0368663594470046,0.0692640692640692,0.487950450701249,0.5648491768959939,False,,entropy,50.0,0.3,,17,28,300,-1,73
8,1,2227,1826,557,24,0.6193895870736086,0.5121951219512195,0.5779816513761468,0.5431034482758621,0.6226757592064346,0.6651782089794593,False,balanced,gini,5.0,0.7,,15,16,400,-1,73
8,2,2227,1826,557,3,0.578096947935368,0.4598214285714285,0.4746543778801843,0.4671201814058957,0.579251238226165,0.5906275413391163,False,balanced,gini,5.0,0.7,,15,16,400,-1,73
8,3,2227,1802,557,15,0.5709156193895871,0.4521739130434782,0.4792626728110599,0.465324384787472,0.5729736194642909,0.595364597451884,False,balanced,gini,5.0,0.7,,15,16,400,-1,73
8,4,2227,1828,557,8,0.5493716337522442,0.4330708661417323,0.5069124423963134,0.4670912951167728,0.5541062722118281,0.5410544863106533,False,balanced,gini,5.0,0.7,,15,16,400,-1,73
8,5,2228,1818,556,17,0.5377697841726619,0.4206349206349206,0.488479262672811,0.4520255863539446,0.5424370422187819,0.5643733942335141,False,balanced,gini,5.0,0.7,,15,16,400,-1,73
9,1,2227,1826,557,24,0.6373429084380611,0.5333333333333333,0.5871559633027523,0.5589519650655022,0.6399718730023847,0.6785607967308057,True,balanced,entropy,30.0,sqrt,0.960267413620678,6,40,700,-1,73
9,2,2227,1826,557,3,0.5906642728904847,0.4755555555555555,0.4930875576036866,0.4841628959276018,0.5919321464257571,0.5989766874491732,True,balanced,entropy,30.0,sqrt,0.960267413620678,6,40,700,-1,73
9,3,2227,1802,557,15,0.5745062836624776,0.4572649572649572,0.4930875576036866,0.4745011086474501,0.5770705189192732,0.5894144754676064,True,balanced,entropy,30.0,sqrt,0.960267413620678,6,40,700,-1,73
9,4,2227,1828,557,8,0.5403949730700179,0.4229249011857707,0.4930875576036866,0.4553191489361702,0.5451507644812268,0.5324071564109514,True,balanced,entropy,30.0,sqrt,0.960267413620678,6,40,700,-1,73
9,5,2228,1818,556,17,0.5719424460431655,0.4541484716157205,0.4792626728110599,0.4663677130044843,0.5738446934853039,0.5717820099778421,True,balanced,entropy,30.0,sqrt,0.960267413620678,6,40,700,-1,73
10,1,2227,1826,557,24,0.6463195691202872,0.5432098765432098,0.6055045871559633,0.5726681127982647,0.6491393032826924,0.6829179183242673,True,balanced,entropy,30.0,sqrt,0.9711839648290193,7,40,600,-1,73
10,2,2227,1826,557,3,0.585278276481149,0.4695652173913043,0.4976958525345622,0.4832214765100671,0.5872673895240637,0.599261317430198,True,balanced,entropy,30.0,sqrt,0.9711839648290193,7,40,600,-1,73
10,3,2227,1802,557,15,0.5583482944344704,0.4377682403433476,0.4700460829493088,0.4533333333333333,0.5608787754248592,0.5850772567091352,True,balanced,entropy,30.0,sqrt,0.9711839648290193,7,40,600,-1,73
10,4,2227,1828,557,8,0.5385996409335727,0.4193548387096774,0.4792626728110599,0.4473118279569892,0.542960075759881,0.5295473027920846,True,balanced,entropy,30.0,sqrt,0.9711839648290193,7,40,600,-1,73
10,5,2228,1818,556,17,0.5683453237410072,0.4493392070484581,0.4700460829493088,0.4594594594594595,0.5699753516494137,0.5683835623887008,True,balanced,entropy,30.0,sqrt,0.9711839648290193,7,40,600,-1,73
11,1,2227,1826,557,24,0.6481149012567325,0.5474137931034483,0.5825688073394495,0.5644444444444444,0.6498790373943409,0.6862601824037239,True,balanced,entropy,,0.7,0.8661127205558026,12,2,500,-1,73
11,2,2227,1826,557,3,0.585278276481149,0.4695652173913043,0.4976958525345622,0.4832214765100671,0.5872673895240637,0.6025548929249119,True,balanced,entropy,,0.7,0.8661127205558026,12,2,500,-1,73
11,3,2227,1802,557,15,0.5691202872531418,0.4497816593886463,0.4746543778801843,0.4618834080717489,0.5710466982564004,0.5958389807535918,True,balanced,entropy,,0.7,0.8661127205558026,12,2,500,-1,73
11,4,2227,1828,557,8,0.5439856373429084,0.4262948207171315,0.4930875576036866,0.4572649572649572,0.5485498836628007,0.5410409325020331,True,balanced,entropy,,0.7,0.8661127205558026,12,2,500,-1,73
11,5,2228,1818,556,17,0.5557553956834532,0.4353448275862069,0.4654377880184331,0.4498886414253897,0.5581505711191561,0.5697021600532877,True,balanced,entropy,,0.7,0.8661127205558026,12,2,500,-1,73
12,1,2227,1826,557,24,0.644524236983842,0.5427350427350427,0.5825688073394495,0.5619469026548672,0.6465200637954185,0.6832156098617088,True,balanced,entropy,10.0,0.7,0.7525183153506143,11,38,500,-1,73
12,2,2227,1826,557,3,0.5745062836624776,0.4545454545454545,0.4608294930875576,0.4576659038901602,0.5750240401459591,0.5990918948224451,True,balanced,entropy,10.0,0.7,0.7525183153506143,11,38,500,-1,73
12,3,2227,1802,557,15,0.5583482944344704,0.4382978723404255,0.4746543778801843,0.4557522123893805,0.561137916000651,0.5930604499864462,True,balanced,entropy,10.0,0.7,0.7525183153506143,11,38,500,-1,73
12,4,2227,1828,557,8,0.5529622980251346,0.4344262295081967,0.488479262672811,0.4598698481561822,0.5568114498573884,0.5396448902141502,True,balanced,entropy,10.0,0.7,0.7525183153506143,11,38,500,-1,73
12,5,2228,1818,556,17,0.5665467625899281,0.4482758620689655,0.4792626728110599,0.4632516703786191,0.568883755626383,0.5684923127115534,True,balanced,entropy,10.0,0.7,0.7525183153506143,11,38,500,-1,73
13,1,2227,1826,557,24,0.644524236983842,0.5458715596330275,0.5458715596330275,0.5458715596330275,0.644524236983842,0.685082947687478,True,balanced,entropy,30.0,sqrt,0.995185968071485,6,9,1000,-1,73
13,2,2227,1826,557,3,0.5834829443447038,0.4663677130044843,0.4792626728110599,0.4727272727272727,0.5844688998783901,0.5935009487666034,True,balanced,entropy,30.0,sqrt,0.995185968071485,6,9,1000,-1,73
13,3,2227,1802,557,15,0.5709156193895871,0.4481132075471698,0.4377880184331797,0.4428904428904429,0.5699811290501773,0.5913933315261588,True,balanced,entropy,30.0,sqrt,0.995185968071485,6,9,1000,-1,73
13,4,2227,1828,557,8,0.5421903052064632,0.4201680672268907,0.4608294930875576,0.4395604395604395,0.5454607561602818,0.537381404174573,True,balanced,entropy,30.0,sqrt,0.995185968071485,6,9,1000,-1,73
13,5,2228,1818,556,17,0.5629496402877698,0.4392523364485981,0.4331797235023041,0.4361948955916473,0.5623912493419718,0.5656783981077443,True,balanced,entropy,30.0,sqrt,0.995185968071485,6,9,1000,-1,73
14,1,2227,1826,557,24,0.6373429084380611,0.5347826086956522,0.5642201834862385,0.5491071428571429,0.6389327420521317,0.6820248437119427,True,balanced,entropy,20.0,0.5,0.8665811421040716,14,22,600,-1,73
14,2,2227,1826,557,3,0.5745062836624776,0.4541284403669725,0.456221198156682,0.4551724137931034,0.5746820331026388,0.5874559501219843,True,balanced,entropy,20.0,0.5,0.8665811421040716,14,22,600,-1,73
14,3,2227,1802,557,15,0.5637342908438061,0.4434782608695652,0.4700460829493088,0.4563758389261745,0.5658267344344046,0.5911087015451342,True,balanced,entropy,20.0,0.5,0.8665811421040716,14,22,600,-1,73
14,4,2227,1828,557,8,0.5421903052064632,0.424,0.488479262672811,0.4539614561027837,0.5466903856089692,0.5381404174573055,True,balanced,entropy,20.0,0.5,0.8665811421040716,14,22,600,-1,73
14,5,2228,1818,556,17,0.5737410071942446,0.4553571428571428,0.4700460829493088,0.4625850340136054,0.5749006075105851,0.573222951755638,True,balanced,entropy,20.0,0.5,0.8665811421040716,14,22,600,-1,73
15,1,2227,1826,557,24,0.6499102333931778,0.5550239234449761,0.5321100917431193,0.5433255269320844,0.6485139271949976,0.6915645043435902,True,balanced,gini,,,0.7298961627749766,5,29,500,-1,73
15,2,2227,1826,557,3,0.6050269299820467,0.4931506849315068,0.4976958525345622,0.4954128440366973,0.6053502753683162,0.6015451341827054,True,balanced,gini,,,0.7298961627749766,5,29,500,-1,73
15,3,2227,1802,557,15,0.5745062836624776,0.4541284403669725,0.456221198156682,0.4551724137931034,0.5746820331026388,0.5993223095689889,True,balanced,gini,,,0.7298961627749766,5,29,500,-1,73
15,4,2227,1828,557,8,0.5403949730700179,0.4204081632653061,0.4746543778801843,0.4458874458874459,0.5444535785318462,0.5427351585795608,True,balanced,gini,,,0.7298961627749766,5,29,500,-1,73
15,5,2228,1818,556,17,0.5539568345323741,0.4285714285714285,0.4285714285714285,0.4285714285714285,0.5539568345323741,0.56759512254802,True,balanced,gini,,,0.7298961627749766,5,29,500,-1,73
16,1,2227,1826,557,24,0.6409335727109515,0.538135593220339,0.5825688073394495,0.5594713656387665,0.6431552692674656,0.6867202511434061,True,balanced,entropy,10.0,0.7,0.6712505581122248,9,34,700,-1,73
16,2,2227,1826,557,3,0.5870736086175943,0.4703196347031963,0.4746543778801843,0.4724770642201835,0.5874116515214214,0.602134724857685,True,balanced,entropy,10.0,0.7,0.6712505581122248,9,34,700,-1,73
16,3,2227,1802,557,15,0.5673249551166966,0.4459459459459459,0.456221198156682,0.4510250569476082,0.568186435843875,0.5964624559501219,True,balanced,entropy,10.0,0.7,0.6712505581122248,9,34,700,-1,73
16,4,2227,1828,557,8,0.5368043087971275,0.4189723320158103,0.488479262672811,0.451063829787234,0.5415972548287364,0.5374762808349146,True,balanced,entropy,10.0,0.7,0.6712505581122248,9,34,700,-1,73
16,5,2228,1818,556,17,0.5629496402877698,0.4424778761061947,0.4608294930875576,0.4514672686230248,0.5644494031352776,0.5675543411769504,True,balanced,entropy,10.0,0.7,0.6712505581122248,9,34,700,-1,73
17,1,2227,1826,557,24,0.6283662477558348,0.5215686274509804,0.6100917431192661,0.5623678646934461,0.6321758268093581,0.6588049037915078,True,balanced,entropy,5.0,sqrt,0.7831889945902594,11,17,400,-1,73
17,2,2227,1826,557,3,0.5763016157989228,0.4585152838427948,0.4838709677419355,0.4708520179372197,0.5781959199521269,0.5879574410409325,True,balanced,entropy,5.0,sqrt,0.7831889945902594,11,17,400,-1,73
17,3,2227,1802,557,15,0.5745062836624776,0.4572649572649572,0.4930875576036866,0.4745011086474501,0.5770705189192732,0.5774735700731906,True,balanced,entropy,5.0,sqrt,0.7831889945902594,11,17,400,-1,73
17,4,2227,1828,557,8,0.5368043087971275,0.4127659574468085,0.4470046082949309,0.4292035398230088,0.5397300094640974,0.532068311195446,True,balanced,entropy,5.0,sqrt,0.7831889945902594,11,17,400,-1,73
17,5,2228,1818,556,17,0.5449640287769785,0.4268292682926829,0.4838709677419355,0.4535637149028078,0.5490481722320646,0.5694574718268695,True,balanced,entropy,5.0,sqrt,0.7831889945902594,11,17,400,-1,73
18,1,2227,1826,557,24,0.6499102333931778,0.5614973262032086,0.481651376146789,0.5185185185185185,0.6441653206130445,0.6841898730751536,True,balanced,log_loss,30.0,sqrt,0.6897607035668347,4,7,900,-1,73
18,2,2227,1826,557,3,0.5816876122082585,0.4646017699115044,0.4838709677419355,0.474040632054176,0.5831314614204594,0.594815668202765,True,balanced,log_loss,30.0,sqrt,0.6897607035668347,4,7,900,-1,73
18,3,2227,1802,557,15,0.5709156193895871,0.4466019417475728,0.423963133640553,0.4349881796690307,0.5687517961813003,0.591650853889943,True,balanced,log_loss,30.0,sqrt,0.6897607035668347,4,7,900,-1,73
18,4,2227,1828,557,8,0.5421903052064632,0.4194915254237288,0.456221198156682,0.4370860927152318,0.5452114550360145,0.5410138248847927,True,balanced,log_loss,30.0,sqrt,0.6897607035668347,4,7,900,-1,73
18,5,2228,1818,556,17,0.5845323741007195,0.4606741573033708,0.3778801843317972,0.4151898734177215,0.575321275737209,0.571034351508231,True,balanced,log_loss,30.0,sqrt,0.6897607035668347,4,7,900,-1,73
19,1,2227,1826,557,24,0.6409335727109515,0.5384615384615384,0.5779816513761468,0.5575221238938053,0.6429495593893115,0.6809558604638576,True,balanced,gini,20.0,0.7,0.8675902982463823,13,25,400,-1,73
19,2,2227,1826,557,3,0.5816876122082585,0.4639639639639639,0.4746543778801843,0.4692482915717539,0.5825204960648253,0.5991054486310654,True,balanced,gini,20.0,0.7,0.8675902982463823,13,25,400,-1,73
19,3,2227,1802,557,15,0.585278276481149,0.4700854700854701,0.5069124423963134,0.4878048780487805,0.5877775943896714,0.5975874220656004,True,balanced,gini,20.0,0.7,0.8675902982463823,13,25,400,-1,73
19,4,2227,1828,557,8,0.5403949730700179,0.4229249011857707,0.4930875576036866,0.4553191489361702,0.5451507644812268,0.5357820547573868,True,balanced,gini,20.0,0.7,0.8675902982463823,13,25,400,-1,73
19,5,2228,1818,556,17,0.5467625899280576,0.4248927038626609,0.456221198156682,0.44,0.5493429546393097,0.5689273140029635,True,balanced,gini,20.0,0.7,0.8675902982463823,13,25,400,-1,73
20,1,2227,1826,557,24,0.6355475763016158,0.5324675324675324,0.5642201834862385,0.5478841870824054,0.6372612966923673,0.6852994506237992,True,balanced,entropy,20.0,0.3,0.900598885646017,9,35,600,-1,73
20,2,2227,1826,557,3,0.5745062836624776,0.4557522123893805,0.4746543778801843,0.4650112866817156,0.5759749199856175,0.5976687449173217,True,balanced,entropy,20.0,0.3,0.900598885646017,9,35,600,-1,73
20,3,2227,1802,557,15,0.5655296229802513,0.4434389140271493,0.4516129032258064,0.4474885844748858,0.5662280906637149,0.5847248576850095,True,balanced,entropy,20.0,0.3,0.900598885646017,9,35,600,-1,73
20,4,2227,1828,557,8,0.5368043087971275,0.4163265306122449,0.4700460829493088,0.4415584415584415,0.5408946221141262,0.5310246679316888,True,balanced,entropy,20.0,0.3,0.900598885646017,9,35,600,-1,73
20,5,2228,1818,556,17,0.5503597122302158,0.4297872340425532,0.4654377880184331,0.4469026548672566,0.5531812683401147,0.569471065617226,True,balanced,entropy,20.0,0.3,0.900598885646017,9,35,600,-1,73
21,1,2227,1826,557,24,0.6409335727109515,0.5384615384615384,0.5779816513761468,0.5575221238938053,0.6429495593893115,0.6835538956997104,True,balanced,entropy,,0.7,0.8423795776449227,12,2,500,-1,73
21,2,2227,1826,557,3,0.59245960502693,0.4776785714285714,0.4930875576036866,0.4852607709750567,0.593574600329104,0.6029208457576579,True,balanced,entropy,,0.7,0.8423795776449227,12,2,500,-1,73
21,3,2227,1802,557,15,0.5745062836624776,0.4565217391304347,0.4838709677419355,0.4697986577181208,0.5765470619792341,0.5933992952019518,True,balanced,entropy,,0.7,0.8423795776449227,12,2,500,-1,73
21,4,2227,1828,557,8,0.547576301615799,0.429718875502008,0.4930875576036866,0.4592274678111588,0.5519392069888676,0.5414068853347791,True,balanced,entropy,,0.7,0.8423795776449227,12,2,500,-1,73
21,5,2228,1818,556,17,0.5611510791366906,0.4415584415584415,0.4700460829493088,0.4553571428571428,0.5633816741787292,0.573222951755638,True,balanced,entropy,,0.7,0.8423795776449227,12,2,500,-1,73
22,1,2227,1826,557,24,0.6499102333931778,0.5493562231759657,0.5871559633027523,0.5676274944567627,0.6517718338216034,0.684866444751157,True,balanced,entropy,,0.7,0.9517724893341258,13,4,500,-1,73
22,2,2227,1826,557,3,0.5888689407540395,0.4732142857142857,0.488479262672811,0.4807256235827664,0.5899937598033692,0.6034562211981567,True,balanced,entropy,,0.7,0.9517724893341258,13,4,500,-1,73
22,3,2227,1802,557,15,0.5655296229802513,0.4476987447698745,0.4930875576036866,0.4692982456140351,0.5687470854453832,0.5965302249932231,True,balanced,entropy,,0.7,0.9517724893341258,13,4,500,-1,73
22,4,2227,1828,557,8,0.5403949730700179,0.4235294117647059,0.4976958525345622,0.4576271186440678,0.5452940049519277,0.54146110056926,True,balanced,entropy,,0.7,0.9517724893341258,13,4,500,-1,73
22,5,2228,1818,556,17,0.5539568345323741,0.4334763948497854,0.4654377880184331,0.4488888888888889,0.5564962410736064,0.5670921523048271,True,balanced,entropy,,0.7,0.9517724893341258,13,4,500,-1,73
23,1,2227,1826,557,24,0.6391382405745063,0.5388127853881278,0.5412844036697247,0.540045766590389,0.6392846105508492,0.6854753592595599,True,balanced,entropy,,0.7,0.9577631941493292,10,7,700,-1,73
23,2,2227,1826,557,3,0.5906642728904847,0.4757709251101321,0.4976958525345622,0.4864864864864865,0.5922191652248727,0.5999119002439686,True,balanced,entropy,,0.7,0.9577631941493292,10,7,700,-1,73
23,3,2227,1802,557,15,0.5834829443447038,0.4680851063829787,0.5069124423963134,0.4867256637168141,0.5861138069599637,0.5982786663052317,True,balanced,entropy,,0.7,0.9577631941493292,10,7,700,-1,73
23,4,2227,1828,557,8,0.5565529622980251,0.4427480916030534,0.5345622119815668,0.4843423799582463,0.5616702476606867,0.5432502033071293,True,balanced,entropy,,0.7,0.9577631941493292,10,7,700,-1,73
23,5,2228,1818,556,17,0.5557553956834532,0.4347826086956521,0.4608294930875576,0.4474272930648769,0.5578730879150946,0.5695118469882957,True,balanced,entropy,,0.7,0.9577631941493292,10,7,700,-1,73
24,1,2227,1826,557,24,0.6499102333931778,0.5525114155251142,0.555045871559633,0.5537757437070938,0.6500522341164954,0.6919975102162323,True,balanced,entropy,,0.7,0.9847798657195844,9,12,700,-1,73
24,2,2227,1826,557,3,0.5888689407540395,0.4739130434782608,0.5023041474654378,0.4876957494407158,0.5908408320390068,0.5996137164543237,True,balanced,entropy,,0.7,0.9847798657195844,9,12,700,-1,73
24,3,2227,1802,557,15,0.5798922800718133,0.4622222222222222,0.4792626728110599,0.4705882352941176,0.5811935187001191,0.6005014909189482,True,balanced,entropy,,0.7,0.9847798657195844,9,12,700,-1,73
24,4,2227,1828,557,8,0.5439856373429084,0.4285714285714285,0.511520737327189,0.4663865546218487,0.5490940409076177,0.5476416373000814,True,balanced,entropy,,0.7,0.9847798657195844,9,12,700,-1,73
24,5,2228,1818,556,17,0.5737410071942446,0.4545454545454545,0.4608294930875576,0.4576659038901602,0.5742568965422628,0.5672280902083928,True,balanced,entropy,,0.7,0.9847798657195844,9,12,700,-1,73
25,1,2227,1826,557,24,0.6642728904847397,0.5741626794258373,0.5504587155963303,0.5620608899297423,0.6629338686434078,0.6857865822305216,True,balanced,entropy,,log2,0.9879331117564756,4,12,700,-1,73
25,2,2227,1826,557,3,0.578096947935368,0.4608695652173913,0.488479262672811,0.4742729306487696,0.5801205044941772,0.598116020601789,True,balanced,entropy,,log2,0.9879331117564756,4,12,700,-1,73
25,3,2227,1802,557,15,0.5727109515260324,0.4502369668246445,0.4377880184331797,0.4439252336448598,0.5715845458302786,0.5988343724586609,True,balanced,entropy,,log2,0.9879331117564756,4,12,700,-1,73
25,4,2227,1828,557,8,0.5493716337522442,0.4285714285714285,0.4700460829493088,0.4483516483516483,0.5525907835146304,0.5491325562483058,True,balanced,entropy,,log2,0.9879331117564756,4,12,700,-1,73
25,5,2228,1818,556,17,0.5881294964028777,0.4684210526315789,0.4101382488479262,0.4373464373464373,0.5823548260560353,0.5699196606989927,True,balanced,entropy,,log2,0.9879331117564756,4,12,700,-1,73
26,1,2227,1826,557,24,0.6678635547576302,0.746268656716418,0.2293577981651376,0.3508771929824561,0.6101253875344079,0.6929853048631971,True,,entropy,,0.5,0.9087721849434484,9,19,900,-1,73
26,2,2227,1826,557,3,0.6104129263913824,0.0,0.0,0.0,0.4627433555698328,0.5934331797235023,True,,entropy,,0.5,0.9087721849434484,9,19,900,-1,73
26,3,2227,1802,557,15,0.5906642728904847,0.4246575342465753,0.1428571428571428,0.2137931034482758,0.5248032918229143,0.5983193277310924,True,,entropy,,0.5,0.9087721849434484,9,19,900,-1,73
26,4,2227,1828,557,8,0.6175942549371634,0.5555555555555556,0.0921658986175115,0.1581027667984189,0.5209996447709465,0.5446733532122526,True,,entropy,,0.5,0.9087721849434484,9,19,900,-1,73
26,5,2228,1818,556,17,0.6097122302158273,0.5,0.0552995391705069,0.0995850622406639,0.4966760150387819,0.5692807525522341,True,,entropy,,0.5,0.9087721849434484,9,19,900,-1,73
27,1,2227,1826,557,24,0.6588868940754039,0.5693069306930693,0.5275229357798165,0.5476190476190477,0.6563216411311652,0.6901166409569431,True,balanced,entropy,,,0.940996440227344,7,7,700,-1,73
27,2,2227,1826,557,3,0.6014362657091562,0.488479262672811,0.488479262672811,0.488479262672811,0.6014362657091562,0.5934535104364327,True,balanced,entropy,,,0.940996440227344,7,7,700,-1,73
27,3,2227,1802,557,15,0.5888689407540395,0.4724770642201835,0.4746543778801843,0.4735632183908046,0.5890387577236467,0.6038492816481431,True,balanced,entropy,,,0.940996440227344,7,7,700,-1,73
27,4,2227,1828,557,8,0.5547576301615799,0.4351464435146444,0.4792626728110599,0.4561403508771929,0.5580548644233678,0.5517348875033885,True,balanced,entropy,,,0.940996440227344,7,7,700,-1,73
27,5,2228,1818,556,17,0.5485611510791367,0.419811320754717,0.4101382488479262,0.4149184149184149,0.5475828001555589,0.5645501135081494,True,balanced,entropy,,,0.940996440227344,7,7,700,-1,73
28,1,2227,1826,557,24,0.6409335727109515,0.5375,0.591743119266055,0.5633187772925764,0.6435365079231531,0.6772753105463992,True,balanced,gini,30.0,sqrt,0.9671034381387056,10,6,800,-1,73
28,2,2227,1826,557,3,0.578096947935368,0.4594594594594595,0.4700460829493088,0.4646924829157175,0.5789369810095877,0.5925318514502574,True,balanced,gini,30.0,sqrt,0.9671034381387056,10,6,800,-1,73
28,3,2227,1802,557,15,0.5583482944344704,0.4343891402714932,0.4423963133640553,0.4383561643835616,0.5590583070383219,0.5848061805367307,True,balanced,gini,30.0,sqrt,0.9671034381387056,10,6,800,-1,73
28,4,2227,1828,557,8,0.5385996409335727,0.4186991869918699,0.4746543778801843,0.4449244060475162,0.542772577664288,0.5312686364868529,True,balanced,gini,30.0,sqrt,0.9671034381387056,10,6,800,-1,73
28,5,2228,1818,556,17,0.5557553956834532,0.4358974358974359,0.4700460829493088,0.4523281596452328,0.5584154002411684,0.5650394899609859,True,balanced,gini,30.0,sqrt,0.9671034381387056,10,6,800,-1,73
29,1,2227,1826,557,24,0.6696588868940754,0.673469387755102,0.3027522935779816,0.4177215189873418,0.6317735684118598,0.7023896511596439,False,,log_loss,15.0,0.5,,1,13,900,-1,73
29,2,2227,1826,557,3,0.6140035906642729,0.5106382978723404,0.2211981566820276,0.3086816720257235,0.5672357251692025,0.5786934128490107,False,,log_loss,15.0,0.5,,1,13,900,-1,73
29,3,2227,1802,557,15,0.6175942549371634,0.5172413793103449,0.2764976958525346,0.3603603603603603,0.5843284119765269,0.5937110328002169,False,,log_loss,15.0,0.5,,1,13,900,-1,73
29,4,2227,1828,557,8,0.6104129263913824,0.5,0.2304147465437788,0.3154574132492113,0.5671133090292318,0.5592165898617512,False,,log_loss,15.0,0.5,,1,13,900,-1,73
29,5,2228,1818,556,17,0.6061151079136691,0.4875,0.1797235023041474,0.2626262626262626,0.5483752652089149,0.5654201160909696,False,,log_loss,15.0,0.5,,1,13,900,-1,73
30,1,2227,1826,557,24,0.6696588868940754,0.5825242718446602,0.5504587155963303,0.5660377358490566,0.6678567799193794,0.6943113853481638,True,balanced,gini,,0.7,0.996335010753702,6,15,600,-1,73
30,2,2227,1826,557,3,0.5960502692998204,0.4821428571428571,0.4976958525345622,0.4897959183673469,0.5971554408548387,0.598048251558688,True,balanced,gini,,0.7,0.996335010753702,6,15,600,-1,73
30,3,2227,1802,557,15,0.5709156193895871,0.4481132075471698,0.4377880184331797,0.4428904428904429,0.5699811290501773,0.5989428029276227,True,balanced,gini,,0.7,0.996335010753702,6,15,600,-1,73
30,4,2227,1828,557,8,0.5601436265709157,0.4426229508196721,0.4976958525345622,0.4685466377440347,0.5639309446387959,0.5483870967741935,True,balanced,gini,,0.7,0.996335010753702,6,15,600,-1,73
30,5,2228,1818,556,17,0.564748201438849,0.438423645320197,0.4101382488479262,0.4238095238095238,0.561896840908776,0.5663444938352161,True,balanced,gini,,0.7,0.996335010753702,6,15,600,-1,73
31,1,2227,1826,557,24,0.6463195691202872,0.5458515283842795,0.573394495412844,0.5592841163310962,0.6477549364076652,0.6861519309355633,True,balanced,entropy,,0.7,0.9329042983566844,10,10,700,-1,73
31,2,2227,1826,557,3,0.5870736086175943,0.4718614718614718,0.5023041474654378,0.4866071428571428,0.5891855163062524,0.6015722417999458,True,balanced,entropy,,0.7,0.9329042983566844,10,10,700,-1,73
31,3,2227,1802,557,15,0.5709156193895871,0.4513274336283185,0.4700460829493088,0.4604966139954853,0.5723966492681964,0.5970317159121714,True,balanced,entropy,,0.7,0.9329042983566844,10,10,700,-1,73
31,4,2227,1828,557,8,0.547576301615799,0.4329501915708812,0.5207373271889401,0.4728033472803347,0.5527492732993845,0.5408647329899702,True,balanced,entropy,,0.7,0.9329042983566844,10,10,700,-1,73
31,5,2228,1818,556,17,0.5629496402877698,0.4424778761061947,0.4608294930875576,0.4514672686230248,0.5644494031352776,0.5722713864306784,True,balanced,entropy,,0.7,0.9329042983566844,10,10,700,-1,73
32,1,2227,1826,557,24,0.6499102333931778,0.5525114155251142,0.555045871559633,0.5537757437070938,0.6500522341164954,0.684704067548916,True,balanced,entropy,,0.7,0.9376867741883492,10,12,700,-1,73
32,2,2227,1826,557,3,0.5942549371633752,0.4801762114537445,0.5023041474654378,0.4909909909909909,0.5957961900913213,0.6017755489292491,True,balanced,entropy,,0.7,0.9376867741883492,10,12,700,-1,73
32,3,2227,1802,557,15,0.585278276481149,0.4690265486725664,0.488479262672811,0.4785553047404063,0.5867097321378802,0.597316345893196,True,balanced,entropy,,0.7,0.9376867741883492,10,12,700,-1,73
32,4,2227,1828,557,8,0.5547576301615799,0.4401544401544401,0.5253456221198156,0.4789915966386555,0.5597453627759417,0.5402005963675793,True,balanced,entropy,,0.7,0.9376867741883492,10,12,700,-1,73
32,5,2228,1818,556,17,0.5593525179856115,0.4363636363636363,0.4423963133640553,0.4393592677345537,0.5598858213200607,0.5689680953740331,True,balanced,entropy,,0.7,0.9376867741883492,10,12,700,-1,73
33,1,2227,1826,557,24,0.6552962298025135,0.5601851851851852,0.555045871559633,0.5576036866359447,0.6550088987932,0.6884928689345349,True,balanced,entropy,,0.7,0.9645779893764516,8,19,800,-1,73
33,2,2227,1826,557,3,0.585278276481149,0.4692982456140351,0.4930875576036866,0.4808988764044943,0.5869945296961613,0.5992680943345079,True,balanced,entropy,,0.7,0.9645779893764516,8,19,800,-1,73
33,3,2227,1802,557,15,0.5691202872531418,0.4474885844748858,0.4516129032258064,0.4495412844036697,0.5694730276745267,0.6002304147465438,True,balanced,entropy,,0.7,0.9645779893764516,8,19,800,-1,73
33,4,2227,1828,557,8,0.547576301615799,0.4324324324324324,0.5161290322580645,0.4705882352941176,0.5526444815303924,0.547316345893196,True,balanced,entropy,,0.7,0.9645779893764516,8,19,800,-1,73
33,5,2228,1818,556,17,0.5629496402877698,0.4392523364485981,0.4331797235023041,0.4361948955916473,0.5623912493419718,0.5711295080407269,True,balanced,entropy,,0.7,0.9645779893764516,8,19,800,-1,73
34,1,2227,1826,557,24,0.6588868940754039,0.6372549019607843,0.2981651376146789,0.40625,0.6219777256714407,0.6928770533950367,False,,entropy,50.0,0.7,,8,12,700,-1,73
34,2,2227,1826,557,3,0.6265709156193896,0.5555555555555556,0.2073732718894009,0.3020134228187919,0.5724780001526234,0.5901802656546489,False,,entropy,50.0,0.7,,8,12,700,-1,73
34,3,2227,1802,557,15,0.6122082585278277,0.504424778761062,0.2626728110599078,0.3454545454545454,0.5768225618956576,0.6026429926809433,False,,entropy,50.0,0.7,,8,12,700,-1,73
34,4,2227,1828,557,8,0.6068222621184919,0.4868421052631579,0.1705069124423963,0.2525597269624573,0.5459805843389537,0.5508132285172134,False,,entropy,50.0,0.7,,8,12,700,-1,73
34,5,2228,1818,556,17,0.6151079136690647,0.5217391304347826,0.1658986175115207,0.2517482517482518,0.5500023083854323,0.5657055856884575,False,,entropy,50.0,0.7,,8,12,700,-1,73
35,1,2227,1826,557,24,0.651705565529623,0.5606060606060606,0.5091743119266054,0.5336538461538461,0.64832299477387,0.6859083651322021,True,balanced,entropy,15.0,sqrt,0.9529312958330786,4,5,800,-1,73
35,2,2227,1826,557,3,0.578096947935368,0.4608695652173913,0.488479262672811,0.4742729306487696,0.5801205044941772,0.592626728110599,True,balanced,entropy,15.0,sqrt,0.9529312958330786,4,5,800,-1,73
35,3,2227,1802,557,15,0.5745062836624776,0.45,0.4147465437788018,0.4316546762589928,0.5710220981160511,0.5967199783139062,True,balanced,entropy,15.0,sqrt,0.9529312958330786,4,5,800,-1,73
35,4,2227,1828,557,8,0.5529622980251346,0.4333333333333333,0.4792626728110599,0.4551422319474836,0.5563867447827997,0.5384386012469504,True,balanced,entropy,15.0,sqrt,0.9529312958330786,4,5,800,-1,73
35,5,2228,1818,556,17,0.591726618705036,0.4736842105263157,0.4147465437788018,0.4422604422604422,0.5860023821603494,0.570218724086837,True,balanced,entropy,15.0,sqrt,0.9529312958330786,4,5,800,-1,73
36,1,2227,1826,557,24,0.6606822262118492,0.5633187772925764,0.591743119266055,0.5771812080536913,0.6620593044723285,0.6918621958810317,False,balanced,log_loss,30.0,log2,,6,8,700,-1,73
36,2,2227,1826,557,3,0.5763016157989228,0.4605809128630705,0.511520737327189,0.4847161572052402,0.5796523033084477,0.5894754676063974,False,balanced,log_loss,30.0,log2,,6,8,700,-1,73
36,3,2227,1802,557,15,0.5798922800718133,0.463519313304721,0.4976958525345622,0.48,0.5822993229651099,0.5983328815397126,False,balanced,log_loss,30.0,log2,,6,8,700,-1,73
36,4,2227,1828,557,8,0.5368043087971275,0.4220532319391635,0.511520737327189,0.4625,0.5421954731578023,0.5503388452155056,False,balanced,log_loss,30.0,log2,,6,8,700,-1,73
36,5,2228,1818,556,17,0.5485611510791367,0.4267241379310345,0.456221198156682,0.4409799554565701,0.5509951147810047,0.5687505947283281,False,balanced,log_loss,30.0,log2,,6,8,700,-1,73
37,1,2227,1826,557,24,0.6714542190305206,0.7108433734939759,0.2706422018348624,0.3920265780730897,0.6250547952553015,0.6935536250710401,False,,log_loss,30.0,log2,,3,8,600,-1,73
37,2,2227,1826,557,3,0.6373429084380611,0.6829268292682927,0.1290322580645161,0.2170542635658914,0.5509284207073345,0.5807806993765249,False,,log_loss,30.0,log2,,3,8,600,-1,73
37,3,2227,1802,557,15,0.6068222621184919,0.4895833333333333,0.216589861751152,0.3003194888178914,0.5605215934925585,0.5992952019517485,False,,log_loss,30.0,log2,,3,8,600,-1,73
37,4,2227,1828,557,8,0.6122082585278277,0.5056179775280899,0.2073732718894009,0.2941176470588235,0.5618176666119458,0.5622526429926809,False,,log_loss,30.0,log2,,3,8,600,-1,73
37,5,2228,1818,556,17,0.6187050359712231,0.5471698113207547,0.1336405529953917,0.2148148148148148,0.5400375819692623,0.5701099737639846,False,,log_loss,30.0,log2,,3,8,600,-1,73
38,1,2227,1826,557,24,0.6535008976660682,0.5545851528384279,0.5825688073394495,0.5682326621923938,0.6549071204399969,0.6916862872452707,False,balanced,log_loss,30.0,log2,,6,10,800,-1,73
38,2,2227,1826,557,3,0.5745062836624776,0.4586776859504132,0.511520737327189,0.4836601307189542,0.5779736940801694,0.5892179452426132,False,balanced,log_loss,30.0,log2,,6,10,800,-1,73
38,3,2227,1802,557,15,0.5763016157989228,0.4595744680851064,0.4976958525345622,0.4778761061946903,0.5789778381144458,0.5970994849552724,False,balanced,log_loss,30.0,log2,,6,10,800,-1,73
38,4,2227,1828,557,8,0.5368043087971275,0.4232209737827715,0.5207373271889401,0.4669421487603306,0.5423489246730637,0.5516535646516671,False,balanced,log_loss,30.0,log2,,6,10,800,-1,73
38,5,2228,1818,556,17,0.5557553956834532,0.4353448275862069,0.4654377880184331,0.4498886414253897,0.5581505711191561,0.5689952829547462,False,balanced,log_loss,30.0,log2,,6,10,800,-1,73
39,1,2227,1826,557,24,0.6211849192100538,0.5132075471698113,0.6238532110091743,0.5631469979296067,0.6255078705574089,0.6780601336905632,False,balanced,log_loss,30.0,log2,,20,10,800,-1,73
39,2,2227,1826,557,3,0.5637342908438061,0.4434782608695652,0.4700460829493088,0.4563758389261745,0.5658267344344046,0.5890891840607211,False,balanced,log_loss,30.0,log2,,20,10,800,-1,73
39,3,2227,1802,557,15,0.5637342908438061,0.4484126984126984,0.5207373271889401,0.4818763326226012,0.5681761955534839,0.585727839522906,False,balanced,log_loss,30.0,log2,,20,10,800,-1,73
39,4,2227,1828,557,8,0.5368043087971275,0.4189723320158103,0.488479262672811,0.451063829787234,0.5415972548287364,0.5329357549471401,False,balanced,log_loss,30.0,log2,,20,10,800,-1,73
39,5,2228,1818,556,17,0.5629496402877698,0.4488188976377952,0.5253456221198156,0.4840764331210191,0.5675023839151797,0.5667251199651999,False,balanced,log_loss,30.0,log2,,20,10,800,-1,73
40,1,2227,1826,557,24,0.6229802513464991,0.7222222222222222,0.0596330275229357,0.1101694915254237,0.506166866421425,0.6714026683986902,False,,log_loss,5.0,log2,,7,14,900,-1,73
40,2,2227,1826,557,3,0.6122082585278277,0.5714285714285714,0.0184331797235023,0.0357142857142857,0.4761815907853066,0.5884928164814313,False,,log_loss,5.0,log2,,7,14,900,-1,73
40,3,2227,1802,557,15,0.6068222621184919,0.4285714285714285,0.0276497695852534,0.0519480519480519,0.4792577494745516,0.5927758200054215,False,,log_loss,5.0,log2,,7,14,900,-1,73
40,4,2227,1828,557,8,0.6122082585278277,0.6,0.0138248847926267,0.027027027027027,0.4731293111307763,0.5411087015451342,False,,log_loss,5.0,log2,,7,14,900,-1,73
40,5,2228,1818,556,17,0.6115107913669064,0.6666666666666666,0.0092165898617511,0.0181818181818181,0.469165051163309,0.5652162092356212,False,,log_loss,5.0,log2,,7,14,900,-1,73
41,1,2227,1826,557,24,0.6535008976660682,0.5545851528384279,0.5825688073394495,0.5682326621923938,0.6549071204399969,0.6916862872452707,False,balanced,log_loss,30.0,log2,,6,5,800,-1,73
41,2,2227,1826,557,3,0.5745062836624776,0.4586776859504132,0.511520737327189,0.4836601307189542,0.5779736940801694,0.5892179452426132,False,balanced,log_loss,30.0,log2,,6,5,800,-1,73
41,3,2227,1802,557,15,0.5763016157989228,0.4595744680851064,0.4976958525345622,0.4778761061946903,0.5789778381144458,0.5970994849552724,False,balanced,log_loss,30.0,log2,,6,5,800,-1,73
41,4,2227,1828,557,8,0.5368043087971275,0.4232209737827715,0.5207373271889401,0.4669421487603306,0.5423489246730637,0.5516535646516671,False,balanced,log_loss,30.0,log2,,6,5,800,-1,73
41,5,2228,1818,556,17,0.5557553956834532,0.4353448275862069,0.4654377880184331,0.4498886414253897,0.5581505711191561,0.5689952829547462,False,balanced,log_loss,30.0,log2,,6,5,800,-1,73
42,1,2227,1826,557,24,0.6624775583482945,0.5842696629213483,0.4770642201834862,0.5252525252525253,0.6548327097078616,0.6908879326675867,False,balanced,log_loss,30.0,log2,,2,5,800,-1,73
42,2,2227,1826,557,3,0.5655296229802513,0.4505928853754941,0.5253456221198156,0.4851063829787234,0.5700253320486598,0.5693548387096774,False,balanced,log_loss,30.0,log2,,2,5,800,-1,73
42,3,2227,1802,557,15,0.6014362657091562,0.4870466321243523,0.4331797235023041,0.4585365853658537,0.5965646856974527,0.594442938465709,False,balanced,log_loss,30.0,log2,,2,5,800,-1,73
42,4,2227,1828,557,8,0.5727109515260324,0.4502369668246445,0.4377880184331797,0.4439252336448598,0.5715845458302786,0.5638791000271075,False,balanced,log_loss,30.0,log2,,2,5,800,-1,73
42,5,2228,1818,556,17,0.5845323741007195,0.4556962025316455,0.3317972350230415,0.384,0.5684789004617201,0.5626741704389435,False,balanced,log_loss,30.0,log2,,2,5,800,-1,73
43,1,2227,1826,557,24,0.6463195691202872,0.5454545454545454,0.5779816513761468,0.5612472160356348,0.6479826376768294,0.6900760466563829,False,balanced,log_loss,30.0,log2,,5,9,800,-1,73
43,2,2227,1826,557,3,0.5709156193895871,0.4556451612903225,0.5207373271889401,0.4860215053763441,0.574970654111329,0.589943074003795,False,balanced,log_loss,30.0,log2,,5,9,800,-1,73
43,3,2227,1802,557,15,0.5727109515260324,0.4545454545454545,0.4838709677419355,0.46875,0.5748963168734265,0.5968826240173489,False,balanced,log_loss,30.0,log2,,5,9,800,-1,73
43,4,2227,1828,557,8,0.547576301615799,0.4313725490196078,0.5069124423963134,0.4661016949152542,0.5523987861245538,0.5531851450257522,False,balanced,log_loss,30.0,log2,,5,9,800,-1,73
43,5,2228,1818,556,17,0.5629496402877698,0.4403669724770642,0.4423963133640553,0.4413793103448276,0.5631292124147165,0.5704226309421856,False,balanced,log_loss,30.0,log2,,5,9,800,-1,73
44,1,2227,1826,557,24,0.6463195691202872,0.5454545454545454,0.5779816513761468,0.5612472160356348,0.6479826376768294,0.6900760466563829,False,balanced,log_loss,30.0,log2,,5,4,800,-1,73
44,2,2227,1826,557,3,0.5709156193895871,0.4556451612903225,0.5207373271889401,0.4860215053763441,0.574970654111329,0.589943074003795,False,balanced,log_loss,30.0,log2,,5,4,800,-1,73
44,3,2227,1802,557,15,0.5727109515260324,0.4545454545454545,0.4838709677419355,0.46875,0.5748963168734265,0.5968826240173489,False,balanced,log_loss,30.0,log2,,5,4,800,-1,73
44,4,2227,1828,557,8,0.547576301615799,0.4313725490196078,0.5069124423963134,0.4661016949152542,0.5523987861245538,0.5531851450257522,False,balanced,log_loss,30.0,log2,,5,4,800,-1,73
44,5,2228,1818,556,17,0.5629496402877698,0.4403669724770642,0.4423963133640553,0.4413793103448276,0.5631292124147165,0.5704226309421856,False,balanced,log_loss,30.0,log2,,5,4,800,-1,73
45,1,2227,1826,557,24,0.6481149012567325,0.5436507936507936,0.6284403669724771,0.5829787234042553,0.6515537677893166,0.6883169602987741,False,balanced,log_loss,50.0,log2,,8,7,900,-1,73
45,2,2227,1826,557,3,0.5691202872531418,0.4530612244897959,0.511520737327189,0.4805194805194805,0.5729252298736058,0.5962184873949581,False,balanced,log_loss,50.0,log2,,8,7,900,-1,73
45,3,2227,1802,557,15,0.5816876122082585,0.4669421487603306,0.5207373271889401,0.4923747276688453,0.5850965009311369,0.5934128490105719,False,balanced,log_loss,50.0,log2,,8,7,900,-1,73
45,4,2227,1828,557,8,0.5350089766606823,0.4227941176470588,0.5299539170506913,0.4703476482617587,0.5406991735597876,0.5463675792897804,False,balanced,log_loss,50.0,log2,,8,7,900,-1,73
45,5,2228,1818,556,17,0.5575539568345323,0.4398340248962655,0.488479262672811,0.462882096069869,0.5610281535598411,0.5709527887660917,False,balanced,log_loss,50.0,log2,,8,7,900,-1,73
46,1,2227,1826,557,24,0.651705565529623,0.5487804878048781,0.6192660550458715,0.5818965517241379,0.6547127230473978,0.6869773483802875,False,balanced,log_loss,50.0,log2,,7,7,900,-1,73
46,2,2227,1826,557,3,0.5709156193895871,0.4556451612903225,0.5207373271889401,0.4860215053763441,0.574970654111329,0.5939143399295201,False,balanced,log_loss,50.0,log2,,7,7,900,-1,73
46,3,2227,1802,557,15,0.5709156193895871,0.4525862068965517,0.4838709677419355,0.4677060133630289,0.5732436556157501,0.5932773109243699,False,balanced,log_loss,50.0,log2,,7,7,900,-1,73
46,4,2227,1828,557,8,0.5368043087971275,0.4232209737827715,0.5207373271889401,0.4669421487603306,0.5423489246730637,0.5510436432637571,False,balanced,log_loss,50.0,log2,,7,7,900,-1,73
46,5,2228,1818,556,17,0.5593525179856115,0.4406779661016949,0.4792626728110599,0.4591611479028697,0.5622411917816238,0.5700284110218452,False,balanced,log_loss,50.0,log2,,7,7,900,-1,73
47,1,2227,1826,557,24,0.6481149012567325,0.5447154471544715,0.6146788990825688,0.5775862068965517,0.6511530603984018,0.687708045790371,False,balanced,log_loss,50.0,log2,,7,3,1000,-1,73
47,2,2227,1826,557,3,0.5727109515260324,0.4574898785425101,0.5207373271889401,0.4870689655172414,0.5766636585725919,0.5937516942260775,False,balanced,log_loss,50.0,log2,,7,3,1000,-1,73
47,3,2227,1802,557,15,0.5691202872531418,0.4514767932489451,0.4930875576036866,0.4713656387665198,0.572082549328494,0.5924776362157766,False,balanced,log_loss,50.0,log2,,7,3,1000,-1,73
47,4,2227,1828,557,8,0.5350089766606823,0.4210526315789473,0.5161290322580645,0.463768115942029,0.5405411512648249,0.5508403361344537,False,balanced,log_loss,50.0,log2,,7,3,1000,-1,73
47,5,2228,1818,556,17,0.5683453237410072,0.451063829787234,0.488479262672811,0.4690265486725664,0.5710540176065101,0.5694982531979391,False,balanced,log_loss,50.0,log2,,7,3,1000,-1,73
48,1,2227,1826,557,24,0.6463195691202872,0.5421686746987951,0.6192660550458715,0.5781584582441114,0.649585402871696,0.6878568915590918,False,balanced,log_loss,50.0,log2,,8,3,1000,-1,73
48,2,2227,1826,557,3,0.5763016157989228,0.4612244897959183,0.5207373271889401,0.4891774891774891,0.5800431427090457,0.5960151802656547,False,balanced,log_loss,50.0,log2,,8,3,1000,-1,73
48,3,2227,1802,557,15,0.5763016157989228,0.459915611814346,0.5023041474654378,0.4801762114537445,0.5792145068396858,0.5939821089726214,False,balanced,log_loss,50.0,log2,,8,3,1000,-1,73
48,4,2227,1828,557,8,0.5403949730700179,0.4280442804428044,0.5345622119815668,0.4754098360655737,0.5460007197125738,0.5468961778259691,False,balanced,log_loss,50.0,log2,,8,3,1000,-1,73
48,5,2228,1818,556,17,0.5575539568345323,0.4393305439330544,0.4838709677419355,0.4605263157894737,0.5608079326012874,0.5717004472357027,False,balanced,log_loss,50.0,log2,,8,3,1000,-1,73
49,1,2227,1826,557,24,0.6463195691202872,0.5421686746987951,0.6192660550458715,0.5781584582441114,0.649585402871696,0.6878568915590918,False,balanced,log_loss,50.0,log2,,8,2,1000,-1,73
49,2,2227,1826,557,3,0.5763016157989228,0.4612244897959183,0.5207373271889401,0.4891774891774891,0.5800431427090457,0.5960151802656547,False,balanced,log_loss,50.0,log2,,8,2,1000,-1,73
49,3,2227,1802,557,15,0.5763016157989228,0.459915611814346,0.5023041474654378,0.4801762114537445,0.5792145068396858,0.5939821089726214,False,balanced,log_loss,50.0,log2,,8,2,1000,-1,73
49,4,2227,1828,557,8,0.5403949730700179,0.4280442804428044,0.5345622119815668,0.4754098360655737,0.5460007197125738,0.5468961778259691,False,balanced,log_loss,50.0,log2,,8,2,1000,-1,73
49,5,2228,1818,556,17,0.5575539568345323,0.4393305439330544,0.4838709677419355,0.4605263157894737,0.5608079326012874,0.5717004472357027,False,balanced,log_loss,50.0,log2,,8,2,1000,-1,73
