trial_number,objective_value,is_best,param_class_weight,param_early_stopping,param_l2_regularization,param_learning_rate,param_max_bins,param_max_depth,param_max_iter,param_max_leaf_nodes,param_min_samples_leaf,param_random_state,cv_mean_accuracy,cv_std_accuracy,cv_mean_precision,cv_std_precision,cv_mean_recall,cv_std_recall,cv_mean_f1,cv_std_f1,cv_mean_f1_weighted,cv_std_f1_weighted,cv_mean_roc_auc,cv_std_roc_auc
0,0.3968676907807661,False,,False,0.4040831743925639,0.0624609269919239,127,10.0,400,31,22,73,0.5779367888095269,0.0434734128135403,0.4475619887251014,0.0692992880962566,0.3571639961104299,0.0650469630212685,0.3968676907807661,0.0667294933192998,0.5666111510492423,0.0451408416311644,0.5595333211788854,0.0564299382767818
1,0.3754429692769208,False,,False,0.3374970082679478,0.024376074518934,255,,300,31,11,73,0.586203712075223,0.0392782517286829,0.4576654716815961,0.0716947762569312,0.3185219633873082,0.0462555467221529,0.3754429692769208,0.0559338501653515,0.5676314348002458,0.0399141854273981,0.5672712052290477,0.0476292877576407
2,0.4018119956886735,False,,False,0.0814121777973998,0.0928638804668077,255,,500,31,29,73,0.571835888560247,0.0339253522715643,0.442166475907233,0.0536682721194377,0.3691962964528812,0.0482874922403784,0.4018119956886735,0.0483130235553463,0.5630937168920638,0.0340358977485388,0.5525815815775721,0.0472142720705409
3,0.4824388336506746,False,balanced,False,0.5859235662343548,0.0295792708930745,127,10.0,100,15,12,73,0.5650091058212676,0.0392679494576308,0.4519300212999325,0.0389149133634251,0.519270282839386,0.0424317449055733,0.4824388336506746,0.0362986167632408,0.5686337126445962,0.0383709408885883,0.584511141805836,0.044434379938495
4,0.4502602091841631,False,balanced,False,0.3175375870156762,0.0958691757860558,127,3.0,400,15,37,73,0.5459663149193392,0.0432869641910876,0.4260034628322177,0.05083236957499,0.4778209952225933,0.0661218423004558,0.4502602091841631,0.0574102554570557,0.5495779816959098,0.0432673520974032,0.5606243758126517,0.0553488224270057
5,0.3897666516947032,False,,False,0.2761593294861695,0.2002721156324146,255,3.0,300,31,35,73,0.5790165713031012,0.0292785588579754,0.4466254052216042,0.050348767476329,0.3461379106244451,0.0543948997969466,0.3897666516947032,0.0533937116816358,0.5659096782310976,0.0323159031486205,0.5591057137209814,0.0439924491528114
6,0.3896644881236167,False,,False,0.4288409367681667,0.1236320540084339,255,3.0,300,31,49,73,0.5998488821151338,0.0293949006323902,0.4783418193038627,0.0524831974163678,0.330461252272439,0.0651517636414629,0.3896644881236167,0.0611902769679012,0.5801314606656505,0.0337988462542649,0.570588289067719,0.0486167172577565
7,0.3777893330315139,False,,False,0.0798093723131386,0.0294185669199184,127,10.0,200,31,11,73,0.6002202187980317,0.0344726391190332,0.4807442268686646,0.0652486954995852,0.3120618948970532,0.0526478718584084,0.3777893330315139,0.0568189978168247,0.5775555462009418,0.0364230228086891,0.5832103803239561,0.0465698162934185
8,0.4575610554830537,False,balanced,False,0.3900035588231815,0.0324147188006886,127,10.0,200,63,11,73,0.57615178951991,0.0354622514715376,0.4586844682236014,0.0434631839218702,0.4594216378472075,0.0543304458859752,0.4575610554830537,0.0423274011413578,0.5755020731905685,0.0339007084428246,0.5765796800535277,0.0480646235938144
9,0.3169860041038559,False,,False,0.9134135706356248,0.0247116201270494,127,3.0,400,63,37,73,0.6131414437570231,0.0299710264146461,0.508049728049728,0.081002628758916,0.2319494355895658,0.0547652346888404,0.3169860041038559,0.0637514407914882,0.5688358007764093,0.0352928789913376,0.5841948735432334,0.0515199187777743
10,0.4747273280632623,False,balanced,False,0.769804441292135,0.0110483643917498,127,5.0,100,15,21,73,0.5765043979179313,0.04262429054617,0.4637336938194972,0.0494783756778213,0.4898363843909862,0.0436378633550313,0.4747273280632623,0.0377335682745993,0.5778192503885166,0.0399480178406679,0.5818957839141649,0.0381095498174337
11,0.4680624942376633,False,balanced,False,0.7544915358279544,0.0101339430648566,127,5.0,100,15,20,73,0.5675186959947303,0.0387306591942838,0.4530126175901586,0.0444746679220927,0.4870840908130047,0.0390287768497952,0.4680624942376633,0.0333172743410187,0.5695078652350047,0.0362315047662403,0.582526891697524,0.0375273332126858
12,0.4724000438501539,False,balanced,False,0.6636263539464494,0.0108630821485601,127,5.0,100,15,21,73,0.5725475633855572,0.0427561785934551,0.4599351052318045,0.0493120693696081,0.4898448399780154,0.0436487394402305,0.4724000438501539,0.0353460703743818,0.5739549335054187,0.0398058010061682,0.583292109412127,0.0381161361430276
13,0.4627856594854757,False,balanced,False,0.6224143035159295,0.0166857917059634,127,5.0,100,15,18,73,0.5628527698487529,0.0331442074578893,0.4472839425559933,0.0321405039827583,0.484302202680421,0.0537230324970637,0.4627856594854757,0.0314261503690925,0.5642931072609515,0.0306764903778395,0.5834060938577936,0.0387118636124301
14,0.4631211604194524,False,balanced,False,0.9863558105948484,0.0450351826771088,127,10.0,200,15,27,73,0.5588959353163788,0.0463658470934067,0.4418535728826868,0.0532318636285222,0.4870206739102862,0.0515787655249145,0.4631211604194524,0.0519088526217246,0.5621090518629126,0.0455255531712907,0.567422694707553,0.055985804767106
15,0.4711757314403805,False,balanced,False,0.8066365075250923,0.0162905621396464,127,5.0,100,15,16,73,0.5686017075029384,0.0359156147608828,0.4546177076406626,0.0380187664733992,0.4916966135373948,0.0281619492131015,0.4711757314403805,0.0244430927999817,0.5707524556236162,0.0335047505489919,0.5821082919047349,0.0342635967148029
16,0.4784448291826593,False,balanced,False,0.5743878778798681,0.0158258025315038,127,5.0,200,15,24,73,0.5671699624142696,0.0392458599052844,0.4533752683796689,0.0394578472625718,0.509140489578489,0.0490459100676482,0.4784448291826593,0.038142126607893,0.5700235173392721,0.0382932508731933,0.5829285210405795,0.045550314932247
17,0.4673549256367596,False,balanced,False,0.5669989877700812,0.0503549681278506,127,10.0,200,63,45,73,0.5671622127791484,0.038001168672691,0.450575269358498,0.0461247565545047,0.4861328372722276,0.0401111784364463,0.4673549256367596,0.0416926057046589,0.569722947635219,0.0369676608816215,0.5732391607550369,0.0536767224690903
18,0.4829220094886332,False,balanced,False,0.4842257629328351,0.0183142448678372,255,,200,15,26,73,0.5693250067809308,0.0442996889634385,0.4554360637642372,0.0471094803764091,0.5146493045279669,0.0458348586138395,0.4829220094886332,0.0456344642100289,0.5729783074473125,0.0433729263423076,0.5786902860571456,0.0548325813407661
19,0.4166399854725011,False,balanced,False,0.2012560132022507,0.2762212830402276,255,,200,15,32,73,0.5488478875786265,0.0480965015259534,0.4211407281635931,0.0636711778193843,0.4142814864921997,0.0706143634811133,0.4166399854725011,0.0634116148644282,0.5475298870878309,0.0475240434569957,0.5519474921837355,0.0491879775545519
20,0.4780501949533658,False,balanced,False,0.4908937353311087,0.0364161654443056,255,,100,15,15,73,0.5610709995737702,0.0437633417516168,0.4485078202381853,0.0446759995419531,0.5137656956834228,0.0350103333328429,0.4780501949533658,0.0363912869802717,0.5646783922336079,0.0426870618263427,0.577874867531154,0.0465920833371923
21,0.4788417240517886,False,balanced,False,0.542018378267407,0.0175394114971691,255,,200,15,25,73,0.5660914715265489,0.0497906149376548,0.452041064254592,0.0517451329069468,0.5100325540100622,0.0530487074307215,0.4788417240517886,0.05097576238463,0.569646766836882,0.048752761870858,0.5805655381392423,0.0572049328777461
22,0.4884852560674566,True,balanced,False,0.490543257165778,0.0207323896173135,255,,200,15,26,73,0.5711190473115224,0.0438359487147115,0.4584215686637581,0.0457104590421667,0.523865894389718,0.0422886301104973,0.4884852560674566,0.0425642283743238,0.5748718991479176,0.0429224786259355,0.5764124951391929,0.0557515454886279
23,0.47607888359298,False,balanced,False,0.6990815505927134,0.0241207523692418,255,,300,15,41,73,0.5610619583327952,0.0337863423977501,0.4455360069485112,0.0376209720779058,0.5118927831564706,0.0501717185271684,0.47607888359298,0.0417626104418835,0.5650411015781488,0.0333900832218026,0.5752166120241043,0.0515783363028299
24,0.4763849875711178,False,balanced,False,0.4812300865095408,0.0205235133689076,255,,200,15,31,73,0.5646513309998321,0.0378841018372074,0.4493539403757344,0.0415139693499458,0.5072887160191096,0.0430736608187322,0.4763849875711178,0.0415660436957649,0.5683860886547585,0.0371830957547826,0.5770999732093023,0.0519954517221147
25,0.4487467444679544,False,balanced,False,0.1712841597689189,0.0660051061826213,255,,100,63,28,73,0.5650136264417551,0.0464686069774147,0.4457631749626911,0.0563915063198535,0.4538790005496132,0.056456129084173,0.4487467444679544,0.0528020353676904,0.5652846183366044,0.044998974008092,0.5673391367300482,0.0536313812029589
26,0.4728632228678643,False,balanced,False,0.4675363561604091,0.0134530962813993,255,10.0,300,15,15,73,0.5574725856657582,0.0425402621575336,0.444201754313402,0.0434989394411665,0.5073140827801971,0.0324948935613391,0.4728632228678643,0.0350903903778288,0.5611559521154504,0.0412084326707834,0.5755609907852808,0.0474580018896566
27,0.4752846466223067,False,balanced,False,0.6240928292868995,0.0369099630818575,255,,200,15,26,73,0.5653714012631905,0.0433623759390571,0.450633042807335,0.0471378267331252,0.503631674629011,0.0436864317309785,0.4752846466223067,0.0441334860418452,0.5688182990580473,0.042228158748135,0.5722404967979434,0.0560631653550679
28,0.4872018709788746,False,balanced,False,0.5378585709063879,0.0220448383092588,255,,100,15,34,73,0.5678842204512871,0.0398234860681726,0.4548706948078985,0.0395953679320593,0.526613960174185,0.0532077849893793,0.4872018709788746,0.0412988058520057,0.5715179664274765,0.0391511394325373,0.5857470530580897,0.0503746385307976
29,0.4378683680425282,False,balanced,False,0.3901816081446309,0.0665449324692604,255,,300,63,33,73,0.5668115417899073,0.0471120361437808,0.4433914281162616,0.063809731284822,0.4345326174269648,0.0756220877164436,0.4378683680425282,0.0662690831052715,0.5652792136470295,0.0472430388635853,0.5584543729782034,0.0568521911667446
30,0.4686818962324207,False,balanced,False,0.2399795478001293,0.0210400251144895,255,,500,15,41,73,0.561421670563011,0.0398520091755044,0.4449583303471714,0.0449106011259191,0.4962372637720375,0.0534522828253002,0.4686818962324207,0.0466976831314888,0.5646573313518919,0.0391120610706945,0.570869642820554,0.0509584732833589
31,0.4791891911746155,False,balanced,False,0.5196301546230208,0.0285927644683319,255,10.0,100,15,24,73,0.5635792981413792,0.0498285314290487,0.4507183457235382,0.0514258927238431,0.5128186699361603,0.0420669822688306,0.4791891911746155,0.0458865928539324,0.5672671370458067,0.048708239849087,0.5818024923279266,0.0533770190099015
32,0.4856672316234784,False,balanced,False,0.4232209406131425,0.0137783545202791,255,,100,15,34,73,0.5632137736848224,0.0419591578547917,0.4501223308593509,0.0416545249302826,0.5312011161374879,0.0729922226325486,0.4856672316234784,0.0499575738455071,0.5665783873083122,0.0415581177712422,0.5838146858551709,0.0489029636955981
33,0.4834536104368311,False,balanced,False,0.3719981465115278,0.0137962238771039,255,,100,15,35,73,0.5592672719992766,0.0366617444476304,0.4467120599101841,0.0348269288833399,0.5312222551050606,0.0678471424165916,0.4834536104368311,0.0418068385688329,0.5625615566854119,0.0363837851491102,0.5842198518579098,0.0470623357504305
34,0.2641553123876595,False,,False,0.3448585102521579,0.0135242328325436,255,,100,15,40,73,0.6282196504914561,0.0266346981196153,0.5614010183277183,0.0978633842431968,0.1748573119688834,0.0653400671721331,0.2641553123876595,0.0860010243444282,0.5610868836004723,0.0414377951433751,0.5821391714870152,0.0435408924926964
35,0.4800940339926463,False,balanced,False,0.4145869856203235,0.0133509249630804,255,,100,31,34,73,0.5671635043850018,0.0249835838084049,0.4518980997302767,0.0280301183963278,0.5128313533167039,0.0393511792086149,0.4800940339926463,0.0308270179778769,0.5708423764973579,0.0245270079480922,0.5805937352771382,0.047768426695317
36,0.4792015268609645,False,balanced,False,0.2959422409153904,0.0131920208078725,255,,100,15,30,73,0.5606990170879455,0.0358174138446694,0.4465648300165925,0.0356282360807709,0.5210755506701054,0.0710252449403563,0.4792015268609645,0.0452368283471914,0.563894243653307,0.0350954244797285,0.5796730499746248,0.0488272822633542
37,0.3536509079886717,False,,False,0.3624118538300421,0.0229398981560613,255,,100,31,37,73,0.6116980742156722,0.0413934016441687,0.4971810247690885,0.0907733688936707,0.2751913076565341,0.0747877199289514,0.3536509079886717,0.0845878762221315,0.5785489758670496,0.0489445004391229,0.5817632206892295,0.0541543963301869
38,0.4829559525300165,False,balanced,False,0.4367980656334225,0.0123930278748552,255,,100,15,35,73,0.5596231094119319,0.0357201466278081,0.4465005644980261,0.0348640663671282,0.530296368325371,0.0717390590851574,0.4829559525300165,0.0441899024303393,0.5628858369735554,0.0355746660958593,0.5828262196250771,0.0491648964203531
39,0.2438536655784712,False,,False,0.024876345579639,0.0190919169601678,255,3.0,200,15,39,73,0.6214012631905248,0.0255799868681819,0.5466045608148784,0.1072596847657018,0.1592060203779647,0.0564225799845402,0.2438536655784712,0.0741204304340773,0.5508517802583762,0.0361644829961082,0.5868742394804329,0.0415383881530581
40,0.4555169504697122,False,balanced,False,0.2743368792252275,0.0854023871950451,255,,100,31,29,73,0.5632195859111633,0.0481941729621235,0.4450015158394711,0.0563203134394674,0.4686086331543567,0.0615665918270434,0.4555169504697122,0.0553014272722229,0.5646190120063748,0.0469016138689381,0.5683349021579787,0.0575343815064993
41,0.4819388686058848,False,balanced,False,0.4261016841539871,0.0122902727331937,255,,100,15,35,73,0.556751869599473,0.0348500713240325,0.4440231587524563,0.0330802685684239,0.5312222551050607,0.0679097142312146,0.4819388686058848,0.0413868194215779,0.5602094824790772,0.0345558878510852,0.5815262026471446,0.0476701510522849
42,0.4782489073295134,False,balanced,False,0.4418057999568266,0.0149229961256658,255,,100,15,44,73,0.5592621055758624,0.0313878507672163,0.4441002537254344,0.0336158137930186,0.5201581194774447,0.0640586416998065,0.4782489073295134,0.0437958011084361,0.5631470446400392,0.0310687515108073,0.583798378662095,0.0420673286907257
43,0.4809446860323723,False,balanced,False,0.3463311039554406,0.010022212427107,255,,100,15,35,73,0.555671441302972,0.0384591996383091,0.442900422685932,0.0362508564740729,0.5312053439310025,0.0766123622386812,0.4809446860323723,0.0468612981141379,0.5588850556705596,0.0382197402454684,0.5808503932284467,0.0478101548709415
44,0.4630998697501839,False,balanced,False,0.5221815497583451,0.0254983003793732,255,,400,15,38,73,0.556392803172184,0.0349334105967826,0.4390723446266424,0.0395035492252374,0.4907199932355304,0.047070719660082,0.4630998697501839,0.0412307175334288,0.5598085899928545,0.0343156123076877,0.568712897929877,0.0520989945443133
45,0.2304822382792272,False,,False,0.6076692549055935,0.0121328528869657,255,3.0,200,15,33,73,0.6239153739844749,0.0169507069045927,0.5639406262084897,0.0807855985996818,0.1463408447131442,0.0445698524066356,0.2304822382792272,0.0603243401301522,0.5479328194759113,0.0276721829419324,0.5839392389042923,0.0372576508814116
46,0.4836993527747427,False,balanced,False,0.6793027710295857,0.0149840788187742,255,,100,63,36,73,0.5668102501840538,0.0244426004421466,0.451743722727442,0.0274631828024779,0.5211051452247072,0.0444740439384803,0.4836993527747427,0.0336739189063083,0.5708610090789353,0.0242587355195888,0.5845134577387434,0.0489849002521292
47,0.4515050690837043,False,balanced,False,0.673590793646133,0.134920768707388,255,,100,63,43,73,0.568252328119551,0.0371276180498558,0.4493593304497941,0.0460503079198691,0.4557434574895362,0.0476998011130213,0.4515050690837043,0.0413951195782873,0.5683493529031584,0.0356153391661722,0.5649765525823399,0.0533705910199453
48,0.4713282999778595,False,balanced,False,0.7220510604726983,0.0153594765845446,255,,200,63,31,73,0.5700431396355088,0.0382115173201877,0.4533143616252168,0.0440334196996375,0.4925421722403078,0.0590237290696892,0.4713282999778595,0.0484228327554756,0.5723374275855081,0.0376429824790172,0.5791940746054358,0.0541495171409137
49,0.4618257840307512,False,balanced,False,0.807677618316869,0.0276009962289476,255,3.0,100,63,37,73,0.5660811386797204,0.0453945206103349,0.4508252984413665,0.0501027597190997,0.4778294508096224,0.0578502697488339,0.4618257840307512,0.045450274879473,0.5670596904541085,0.0432179656894743,0.5845217162048083,0.0363715521678342
