trial_number,fold,train_row_count,filtered_train_row_count,validation_row_count,selected_feature_count,accuracy,precision,recall,f1,f1_weighted,roc_auc,param_class_weight,param_early_stopping,param_l2_regularization,param_learning_rate,param_max_bins,param_max_depth,param_max_iter,param_max_leaf_nodes,param_min_samples_leaf,param_random_state
0,1,2227,1826,557,24,0.6588868940754039,0.5777777777777777,0.4770642201834862,0.5226130653266332,0.6516544841697429,0.65929203539823,,False,0.4040831743925639,0.0624609269919239,127,10.0,400,31,22,73
0,2,2227,1826,557,3,0.5655296229802513,0.4324324324324324,0.3686635944700461,0.3980099502487562,0.5580006489249033,0.5531377066955815,,False,0.4040831743925639,0.0624609269919239,127,10.0,400,31,22,73
0,3,2227,1802,557,15,0.5798922800718133,0.4472049689440994,0.3317972350230415,0.3809523809523809,0.5647555486170739,0.5580916237462727,,False,0.4040831743925639,0.0624609269919239,127,10.0,400,31,22,73
0,4,2227,1828,557,8,0.5314183123877917,0.3791208791208791,0.3179723502304147,0.3458646616541353,0.5223352665476827,0.4843995662781241,,False,0.4040831743925639,0.0624609269919239,127,10.0,400,31,22,73
0,5,2228,1818,556,17,0.5539568345323741,0.4012738853503185,0.2903225806451613,0.3368983957219251,0.5363098069868092,0.542745673776219,,False,0.4040831743925639,0.0624609269919239,127,10.0,400,31,22,73
1,1,2227,1826,557,24,0.6552962298025135,0.5866666666666667,0.4036697247706422,0.4782608695652174,0.6391589583599718,0.6526345701063571,,False,0.3374970082679478,0.024376074518934,255,,300,31,11,73
1,2,2227,1826,557,3,0.5673249551166966,0.4230769230769231,0.304147465437788,0.353887399463807,0.5497545220602509,0.5435822716183247,,False,0.3374970082679478,0.024376074518934,255,,300,31,11,73
1,3,2227,1802,557,15,0.5942549371633752,0.4701986754966887,0.3271889400921659,0.3858695652173913,0.5758186978223097,0.5750474383301708,,False,0.3374970082679478,0.024376074518934,255,,300,31,11,73
1,4,2227,1828,557,8,0.5368043087971275,0.3726708074534161,0.2764976958525346,0.3174603174603174,0.520115092064979,0.5099349417186229,,False,0.3374970082679478,0.024376074518934,255,,300,31,11,73
1,5,2228,1818,556,17,0.5773381294964028,0.4357142857142857,0.2811059907834101,0.3417366946778711,0.5533099036937181,0.5551568043717631,,False,0.3374970082679478,0.024376074518934,255,,300,31,11,73
2,1,2227,1826,557,24,0.6265709156193896,0.5287356321839081,0.4220183486238532,0.4693877551020408,0.6169918864465871,0.6358961868420341,,False,0.0814121777973998,0.0928638804668077,255,,500,31,29,73
2,2,2227,1826,557,3,0.5583482944344704,0.430622009569378,0.4147465437788018,0.4225352112676056,0.5567690725371812,0.5488953645974518,,False,0.0814121777973998,0.0928638804668077,255,,500,31,29,73
2,3,2227,1802,557,15,0.5870736086175943,0.4636871508379888,0.3824884792626728,0.4191919191919191,0.5781885052775168,0.543534833288154,,False,0.0814121777973998,0.0928638804668077,255,,500,31,29,73
2,4,2227,1828,557,8,0.5242369838420108,0.3651685393258427,0.2995391705069124,0.3291139240506329,0.5136531182900445,0.488845215505557,,False,0.0814121777973998,0.0928638804668077,255,,500,31,29,73
2,5,2228,1818,556,17,0.5629496402877698,0.4226190476190476,0.3271889400921659,0.3688311688311688,0.5498660019089893,0.5457363076546633,,False,0.0814121777973998,0.0928638804668077,255,,500,31,29,73
3,1,2227,1826,557,24,0.6193895870736086,0.5119047619047619,0.591743119266055,0.548936170212766,0.6231091774047711,0.6589943438607886,balanced,False,0.5859235662343548,0.0295792708930745,127,10.0,100,15,12,73
3,2,2227,1826,557,3,0.5691202872531418,0.4484304932735426,0.4608294930875576,0.4545454545454545,0.570140241253507,0.5815668202764976,balanced,False,0.5859235662343548,0.0295792708930745,127,10.0,100,15,12,73
3,3,2227,1802,557,15,0.585278276481149,0.4705882352941176,0.5161290322580645,0.4923076923076923,0.588240920286373,0.5843046896177826,balanced,False,0.5859235662343548,0.0295792708930745,127,10.0,100,15,12,73
3,4,2227,1828,557,8,0.5008976660682226,0.3944636678200692,0.5253456221198156,0.4505928853754941,0.5068548111502563,0.519083762537273,balanced,False,0.5859235662343548,0.0295792708930745,127,10.0,100,15,12,73
3,5,2228,1818,556,17,0.5503597122302158,0.4342629482071713,0.5023041474654378,0.4658119658119658,0.5548234131280737,0.5786060927368379,balanced,False,0.5859235662343548,0.0295792708930745,127,10.0,100,15,12,73
4,1,2227,1826,557,24,0.6086175942549371,0.5,0.5642201834862385,0.5301724137931034,0.611996771259447,0.6492787745933805,balanced,False,0.3175375870156762,0.0958691757860558,127,3.0,400,15,37,73
4,2,2227,1826,557,3,0.5691202872531418,0.4549019607843137,0.5345622119815668,0.4915254237288136,0.5737131296424323,0.5806519381946328,balanced,False,0.3175375870156762,0.0958691757860558,127,3.0,400,15,37,73
4,3,2227,1802,557,15,0.5529622980251346,0.4338842975206611,0.4838709677419355,0.457516339869281,0.5566052735272664,0.5606939550013553,balanced,False,0.3175375870156762,0.0958691757860558,127,3.0,400,15,37,73
4,4,2227,1828,557,8,0.4829443447037702,0.3562753036437247,0.4055299539170507,0.3793103448275862,0.4877274523903633,0.4823393873678503,balanced,False,0.3175375870156762,0.0958691757860558,127,3.0,400,15,37,73
4,5,2228,1818,556,17,0.5161870503597122,0.3849557522123893,0.4009216589861751,0.3927765237020316,0.5178472816600398,0.5301578239060397,balanced,False,0.3175375870156762,0.0958691757860558,127,3.0,400,15,37,73
5,1,2227,1826,557,24,0.6283662477558348,0.5303867403314917,0.4403669724770642,0.4812030075187969,0.6207508073519602,0.6302129847636059,,False,0.2761593294861695,0.2002721156324146,255,3.0,300,31,35,73
5,2,2227,1826,557,3,0.5727109515260324,0.4339622641509434,0.3179723502304147,0.3670212765957447,0.5565456383201289,0.5690498780157224,,False,0.2761593294861695,0.2002721156324146,255,3.0,300,31,35,73
5,3,2227,1802,557,15,0.5906642728904847,0.467065868263473,0.3594470046082949,0.40625,0.5780331583089446,0.557075088099756,,False,0.2761593294861695,0.2002721156324146,255,3.0,300,31,35,73
5,4,2227,1828,557,8,0.5421903052064632,0.379746835443038,0.2764976958525346,0.32,0.5244511604064884,0.4931824342640282,,False,0.2761593294861695,0.2002721156324146,255,3.0,300,31,35,73
5,5,2228,1818,556,17,0.5611510791366906,0.4219653179190751,0.336405529953917,0.3743589743589743,0.5497676267679655,0.5460081834617947,,False,0.2761593294861695,0.2002721156324146,255,3.0,300,31,35,73
6,1,2227,1826,557,24,0.6552962298025135,0.5764705882352941,0.4495412844036697,0.5051546391752577,0.6453695130668272,0.6535682390192417,,False,0.4288409367681667,0.1236320540084339,255,3.0,300,31,49,73
6,2,2227,1826,557,3,0.6032315978456014,0.4838709677419355,0.2764976958525346,0.3519061583577713,0.5729945139227447,0.5844266738953646,,False,0.4288409367681667,0.1236320540084339,255,3.0,300,31,49,73
6,3,2227,1802,557,15,0.5870736086175943,0.4601226993865031,0.3456221198156682,0.3947368421052631,0.5729234922801748,0.5688669015993494,,False,0.4288409367681667,0.1236320540084339,255,3.0,300,31,49,73
6,4,2227,1828,557,8,0.5745062836624776,0.427536231884058,0.271889400921659,0.3323943661971831,0.5493062290119397,0.5126457034426674,,False,0.4288409367681667,0.1236320540084339,255,3.0,300,31,49,73
6,5,2228,1818,556,17,0.579136690647482,0.4437086092715231,0.3087557603686636,0.3641304347826087,0.5600635550465658,0.5334339273819719,,False,0.4288409367681667,0.1236320540084339,255,3.0,300,31,49,73
7,1,2227,1826,557,24,0.6552962298025135,0.5844155844155844,0.4128440366972477,0.4838709677419355,0.6405102233714124,0.6597791670049524,,False,0.0798093723131386,0.0294185669199184,127,10.0,200,31,11,73
7,2,2227,1826,557,3,0.59245960502693,0.463768115942029,0.2949308755760368,0.3605633802816901,0.5683228438215625,0.5792220113851992,,False,0.0798093723131386,0.0294185669199184,127,10.0,200,31,11,73
7,3,2227,1802,557,15,0.5906642728904847,0.4620689655172413,0.3087557603686636,0.3701657458563536,0.5695527117914722,0.5798725941989699,,False,0.0798093723131386,0.0294185669199184,127,10.0,200,31,11,73
7,4,2227,1828,557,8,0.5493716337522442,0.3851351351351351,0.2626728110599078,0.3123287671232876,0.5275345739426339,0.5128354567633505,,False,0.0798093723131386,0.0294185669199184,127,10.0,200,31,11,73
7,5,2228,1818,556,17,0.6133093525179856,0.5083333333333333,0.2811059907834101,0.3620178041543027,0.5818573780776278,0.5843426722673083,,False,0.0798093723131386,0.0294185669199184,127,10.0,200,31,11,73
8,1,2227,1826,557,24,0.6391382405745063,0.539906103286385,0.5275229357798165,0.5336426914153132,0.6383659451926674,0.6661660036264242,balanced,False,0.3900035588231815,0.0324147188006886,127,10.0,200,63,11,73
8,2,2227,1826,557,3,0.5565529622980251,0.4404761904761904,0.511520737327189,0.4733475479744136,0.5610679847807017,0.5747492545405258,balanced,False,0.3900035588231815,0.0324147188006886,127,10.0,200,63,11,73
8,3,2227,1802,557,15,0.5691202872531418,0.4416243654822335,0.4009216589861751,0.4202898550724637,0.5648679891908368,0.5640146381133098,balanced,False,0.3900035588231815,0.0324147188006886,127,10.0,200,63,11,73
8,4,2227,1828,557,8,0.533213644524237,0.411522633744856,0.4608294930875576,0.4347826086956521,0.5371268049700216,0.5225941989699106,balanced,False,0.3900035588231815,0.0324147188006886,127,10.0,200,63,11,73
8,5,2228,1818,556,17,0.5827338129496403,0.4598930481283422,0.3963133640552995,0.4257425742574257,0.5760816418186143,0.555374305017468,balanced,False,0.3900035588231815,0.0324147188006886,127,10.0,200,63,11,73
9,1,2227,1826,557,24,0.6606822262118492,0.6239316239316239,0.3348623853211009,0.435820895522388,0.6315281897553209,0.6747855267787071,,False,0.9134135706356248,0.0247116201270494,127,3.0,400,63,37,73
9,2,2227,1826,557,3,0.6319569120287253,0.5769230769230769,0.2073732718894009,0.3050847457627119,0.5764804393657511,0.5899566278124153,,False,0.9134135706356248,0.0247116201270494,127,3.0,400,63,37,73
9,3,2227,1802,557,15,0.599640933572711,0.4727272727272727,0.2396313364055299,0.3180428134556575,0.5613550392238866,0.5670642450528598,,False,0.9134135706356248,0.0247116201270494,127,3.0,400,63,37,73
9,4,2227,1828,557,8,0.5745062836624776,0.4,0.184331797235023,0.252365930599369,0.5272159181563499,0.5162984548658173,,False,0.9134135706356248,0.0247116201270494,127,3.0,400,63,37,73
9,5,2228,1818,556,17,0.5989208633093526,0.4666666666666667,0.1935483870967742,0.2736156351791531,0.5475994173807373,0.5728695132063674,,False,0.9134135706356248,0.0247116201270494,127,3.0,400,63,37,73
10,1,2227,1826,557,24,0.6463195691202872,0.5502392344497608,0.5275229357798165,0.5386416861826698,0.6449089418328949,0.6489134258883387,balanced,False,0.769804441292135,0.0110483643917498,127,5.0,100,15,21,73
10,2,2227,1826,557,3,0.5906642728904847,0.4715025906735751,0.4193548387096774,0.4439024390243902,0.5856610285541406,0.573414204391434,balanced,False,0.769804441292135,0.0110483643917498,127,5.0,100,15,21,73
10,3,2227,1802,557,15,0.5655296229802513,0.4521072796934866,0.543778801843318,0.4937238493723849,0.5704973180097264,0.592321767416644,balanced,False,0.769804441292135,0.0110483643917498,127,5.0,100,15,21,73
10,4,2227,1828,557,8,0.5152603231597845,0.3984674329501915,0.4792626728110599,0.4351464435146444,0.520802792820769,0.5371238818107889,balanced,False,0.769804441292135,0.0110483643917498,127,5.0,100,15,21,73
10,5,2228,1818,556,17,0.564748201438849,0.4463519313304721,0.4792626728110599,0.4622222222222222,0.5672261707250514,0.5577056400636189,balanced,False,0.769804441292135,0.0110483643917498,127,5.0,100,15,21,73
11,1,2227,1826,557,24,0.6319569120287253,0.5308056872037915,0.5137614678899083,0.5221445221445221,0.6308347416211495,0.6426145435847475,balanced,False,0.7544915358279544,0.0101339430648566,127,5.0,100,15,20,73
11,2,2227,1826,557,3,0.585278276481149,0.4656862745098039,0.4377880184331797,0.4513064133016627,0.5827650957865843,0.5838641908376253,balanced,False,0.7544915358279544,0.0101339430648566,127,5.0,100,15,20,73
11,3,2227,1802,557,15,0.5601436265709157,0.4469696969696969,0.543778801843318,0.4906444906444906,0.5653039099651368,0.5991054486310653,balanced,False,0.7544915358279544,0.0101339430648566,127,5.0,100,15,20,73
11,4,2227,1828,557,8,0.5206463195691203,0.4045801526717557,0.488479262672811,0.4425887265135699,0.5261779600218758,0.536039577121171,balanced,False,0.7544915358279544,0.0101339430648566,127,5.0,100,15,20,73
11,5,2228,1818,556,17,0.539568345323741,0.4170212765957446,0.4516129032258064,0.4336283185840708,0.5424576187802775,0.5510106983130105,balanced,False,0.7544915358279544,0.0101339430648566,127,5.0,100,15,20,73
12,1,2227,1826,557,24,0.644524236983842,0.5485436893203883,0.518348623853211,0.5330188679245284,0.6425850131741149,0.6495561689805418,balanced,False,0.6636263539464494,0.0108630821485601,127,5.0,100,15,21,73
12,2,2227,1826,557,3,0.5888689407540395,0.4690721649484536,0.4193548387096774,0.4428223844282238,0.5840907461658549,0.5744171862293305,balanced,False,0.6636263539464494,0.0108630821485601,127,5.0,100,15,21,73
12,3,2227,1802,557,15,0.5655296229802513,0.4517374517374517,0.5391705069124424,0.4915966386554621,0.5703966846442657,0.5948021143941448,balanced,False,0.6636263539464494,0.0108630821485601,127,5.0,100,15,21,73
12,4,2227,1828,557,8,0.518850987432675,0.4065934065934066,0.511520737327189,0.4530612244897959,0.5247551969275488,0.536832474925454,balanced,False,0.6636263539464494,0.0108630821485601,127,5.0,100,15,21,73
12,5,2228,1818,556,17,0.5449640287769785,0.423728813559322,0.4608294930875576,0.4415011037527593,0.5479470266153095,0.5608526025311638,balanced,False,0.6636263539464494,0.0108630821485601,127,5.0,100,15,21,73
13,1,2227,1826,557,24,0.6014362657091562,0.4915254237288136,0.5321100917431193,0.5110132158590308,0.603902348886887,0.6541365592270845,balanced,False,0.6224143035159295,0.0166857917059634,127,5.0,100,15,18,73
13,2,2227,1826,557,3,0.5870736086175943,0.4640883977900552,0.3870967741935484,0.4221105527638191,0.5787793767590245,0.5760775277853076,balanced,False,0.6224143035159295,0.0166857917059634,127,5.0,100,15,18,73
13,3,2227,1802,557,15,0.5727109515260324,0.4571428571428571,0.5161290322580645,0.4848484848484848,0.5764841862913258,0.5836269991867715,balanced,False,0.6224143035159295,0.0166857917059634,127,5.0,100,15,18,73
13,4,2227,1828,557,8,0.5080789946140036,0.3992932862190813,0.5207373271889401,0.452,0.5141070298656718,0.5372323122797507,balanced,False,0.6224143035159295,0.0166857917059634,127,5.0,100,15,18,73
13,5,2228,1818,556,17,0.5449640287769785,0.4243697478991596,0.4654377880184331,0.4439560439560439,0.5481925945018484,0.565957070810054,balanced,False,0.6224143035159295,0.0166857917059634,127,5.0,100,15,18,73
14,1,2227,1826,557,24,0.6427289048473968,0.5404255319148936,0.5825688073394495,0.5607064017660044,0.6448384094652239,0.6701442450813239,balanced,False,0.9863558105948484,0.0450351826771088,127,10.0,200,15,27,73
14,2,2227,1826,557,3,0.5601436265709157,0.4416666666666666,0.488479262672811,0.4638949671772429,0.5635130621356865,0.5657698563296286,balanced,False,0.9863558105948484,0.0450351826771088,127,10.0,200,15,27,73
14,3,2227,1802,557,15,0.5583482944344704,0.4372294372294372,0.4654377880184331,0.4508928571428571,0.5606071174406003,0.5613309840065058,balanced,False,0.9863558105948484,0.0450351826771088,127,10.0,200,15,27,73
14,4,2227,1828,557,8,0.5080789946140036,0.3908045977011494,0.4700460829493088,0.4267782426778242,0.5137035749366324,0.50304960693955,balanced,False,0.9863558105948484,0.0450351826771088,127,10.0,200,15,27,73
14,5,2228,1818,556,17,0.5251798561151079,0.3991416309012875,0.4285714285714285,0.4133333333333333,0.5278830953364196,0.5368187811807567,balanced,False,0.9863558105948484,0.0450351826771088,127,10.0,200,15,27,73
15,1,2227,1826,557,24,0.6211849192100538,0.5162790697674419,0.5091743119266054,0.5127020785219399,0.6207070212334542,0.6398067711293334,balanced,False,0.8066365075250923,0.0162905621396464,127,5.0,100,15,16,73
15,2,2227,1826,557,3,0.585278276481149,0.4660194174757281,0.4423963133640553,0.4539007092198581,0.5831868825015916,0.5844063431824342,balanced,False,0.8066365075250923,0.0162905621396464,127,5.0,100,15,16,73
15,3,2227,1802,557,15,0.5691202872531418,0.4538152610441767,0.5207373271889401,0.4849785407725321,0.5732754352274929,0.5871645432366495,balanced,False,0.8066365075250923,0.0162905621396464,127,5.0,100,15,16,73
15,4,2227,1828,557,8,0.5116696588868941,0.4,0.5069124423963134,0.4471544715447154,0.5176855445233031,0.5355448631065329,balanced,False,0.8066365075250923,0.0162905621396464,127,5.0,100,15,16,73
15,5,2228,1818,556,17,0.5557553956834532,0.4369747899159664,0.4792626728110599,0.4571428571428571,0.5589073946322394,0.5636189388687247,balanced,False,0.8066365075250923,0.0162905621396464,127,5.0,100,15,16,73
16,1,2227,1826,557,24,0.6265709156193896,0.5204918032786885,0.5825688073394495,0.5497835497835498,0.6296329884901439,0.6603474872127953,balanced,False,0.5743878778798681,0.0158258025315038,127,5.0,200,15,24,73
16,2,2227,1826,557,3,0.5709156193895871,0.4476190476190476,0.4331797235023041,0.4402810304449648,0.5695845537089287,0.5803537544049878,balanced,False,0.5743878778798681,0.0158258025315038,127,5.0,200,15,24,73
16,3,2227,1802,557,15,0.5673249551166966,0.4491525423728814,0.488479262672811,0.4679911699779249,0.5701802378967823,0.5850772567091352,balanced,False,0.5743878778798681,0.0158258025315038,127,5.0,200,15,24,73
16,4,2227,1828,557,8,0.5026929982046678,0.396551724137931,0.5299539170506913,0.4536489151873767,0.5085912157668792,0.5179249119002439,balanced,False,0.5743878778798681,0.0158258025315038,127,5.0,200,15,24,73
16,5,2228,1818,556,17,0.5683453237410072,0.4530612244897959,0.511520737327189,0.4805194805194805,0.5721285908336268,0.570939194975735,balanced,False,0.5743878778798681,0.0158258025315038,127,5.0,200,15,24,73
17,1,2227,1826,557,24,0.6391382405745063,0.5384615384615384,0.5458715596330275,0.5421412300683371,0.6395693383989781,0.6736894806635816,balanced,False,0.5669989877700812,0.0503549681278506,127,10.0,200,63,45,73
17,2,2227,1826,557,3,0.5619389587073609,0.446215139442231,0.5161290322580645,0.4786324786324786,0.5663235102902494,0.575853889943074,balanced,False,0.5669989877700812,0.0503549681278506,127,10.0,200,63,45,73
17,3,2227,1802,557,15,0.5601436265709157,0.4401709401709401,0.4746543778801843,0.4567627494456763,0.5627944182920757,0.5608023854703172,balanced,False,0.5669989877700812,0.0503549681278506,127,10.0,200,63,45,73
17,4,2227,1828,557,8,0.5278276481149012,0.4065040650406504,0.4608294930875576,0.4319654427645788,0.5320980074930263,0.5230550284629981,balanced,False,0.5669989877700812,0.0503549681278506,127,10.0,200,63,45,73
17,5,2228,1818,556,17,0.5467625899280576,0.42152466367713,0.4331797235023041,0.4272727272727272,0.5478294637017659,0.5327950192352133,balanced,False,0.5669989877700812,0.0503549681278506,127,10.0,200,63,45,73
18,1,2227,1826,557,24,0.6391382405745063,0.5344129554655871,0.6055045871559633,0.567741935483871,0.6423285223119923,0.6730264404210982,balanced,False,0.4842257629328351,0.0183142448678372,255,,200,15,26,73
18,2,2227,1826,557,3,0.5709156193895871,0.452991452991453,0.488479262672811,0.4700665188470067,0.5735014937624738,0.5763486039577121,balanced,False,0.4842257629328351,0.0183142448678372,255,,200,15,26,73
18,3,2227,1802,557,15,0.5673249551166966,0.4495798319327731,0.4930875576036866,0.4703296703296703,0.5704158519005017,0.5717809704526972,balanced,False,0.4842257629328351,0.0183142448678372,255,,200,15,26,73
18,4,2227,1828,557,8,0.4991023339317774,0.3860294117647059,0.4838709677419355,0.4294478527607362,0.505231928274829,0.5010707508809975,balanced,False,0.4842257629328351,0.0183142448678372,255,,200,15,26,73
18,5,2228,1818,556,17,0.5701438848920863,0.4541666666666666,0.5023041474654378,0.4770240700218818,0.5734137409867652,0.571224664573223,balanced,False,0.4842257629328351,0.0183142448678372,255,,200,15,26,73
19,1,2227,1826,557,24,0.6337522441651705,0.5339805825242718,0.5045871559633027,0.5188679245283019,0.6317542559975728,0.6343941977213066,balanced,False,0.2012560132022507,0.2762212830402276,255,,200,15,32,73
19,2,2227,1826,557,3,0.5350089766606823,0.41796875,0.4930875576036866,0.452431289640592,0.5400332041080824,0.5539170506912442,balanced,False,0.2012560132022507,0.2762212830402276,255,,200,15,32,73
19,3,2227,1802,557,15,0.5493716337522442,0.413265306122449,0.3732718894009216,0.3922518159806295,0.5446647633197137,0.5486446191379778,balanced,False,0.2012560132022507,0.2762212830402276,255,,200,15,32,73
19,4,2227,1828,557,8,0.4847396768402154,0.3364485981308411,0.3317972350230415,0.334106728538283,0.4840780387071176,0.4798048251558687,balanced,False,0.2012560132022507,0.2762212830402276,255,,200,15,32,73
19,5,2228,1818,556,17,0.5413669064748201,0.404040404040404,0.3686635944700461,0.3855421686746988,0.5371191733066676,0.5429767682122806,balanced,False,0.2012560132022507,0.2762212830402276,255,,200,15,32,73
20,1,2227,1826,557,24,0.6283662477558348,0.5234042553191489,0.5642201834862385,0.543046357615894,0.6305605565794037,0.6562068685556548,balanced,False,0.4908937353311087,0.0364161654443056,255,,100,15,15,73
20,2,2227,1826,557,3,0.547576301615799,0.4279835390946502,0.4792626728110599,0.4521739130434782,0.5513690571247903,0.5632352941176471,balanced,False,0.4908937353311087,0.0364161654443056,255,,100,15,15,73
20,3,2227,1802,557,15,0.5511669658886894,0.430379746835443,0.4700460829493088,0.4493392070484581,0.5542526555505146,0.5755082678232584,balanced,False,0.4908937353311087,0.0364161654443056,255,,100,15,15,73
20,4,2227,1828,557,8,0.4955116696588869,0.3918918918918919,0.5345622119815668,0.4522417153996101,0.5011994007512044,0.5110328002168609,balanced,False,0.4908937353311087,0.0364161654443056,255,,100,15,15,73
20,5,2228,1818,556,17,0.5827338129496403,0.4688796680497925,0.5207373271889401,0.4934497816593886,0.5860102911621267,0.5833911069423487,balanced,False,0.4908937353311087,0.0364161654443056,255,,100,15,15,73
21,1,2227,1826,557,24,0.6373429084380611,0.5317460317460317,0.6146788990825688,0.5702127659574469,0.6408870463951121,0.6784525452626452,balanced,False,0.542018378267407,0.0175394114971691,255,,200,15,25,73
21,2,2227,1826,557,3,0.585278276481149,0.4695652173913043,0.4976958525345622,0.4832214765100671,0.5872673895240637,0.5802249932230956,balanced,False,0.542018378267407,0.0175394114971691,255,,200,15,25,73
21,3,2227,1802,557,15,0.5601436265709157,0.4411764705882353,0.4838709677419355,0.4615384615384615,0.5632858245461531,0.5718758471130387,balanced,False,0.542018378267407,0.0175394114971691,255,,200,15,25,73
21,4,2227,1828,557,8,0.4829443447037702,0.3709090909090909,0.4700460829493088,0.4146341463414634,0.4893141059658503,0.4990105719707238,balanced,False,0.542018378267407,0.0175394114971691,255,,200,15,25,73
21,5,2228,1818,556,17,0.564748201438849,0.4468085106382978,0.4838709677419355,0.4646017699115044,0.5674794677532311,0.5732637331267076,balanced,False,0.542018378267407,0.0175394114971691,255,,200,15,25,73
22,1,2227,1826,557,24,0.6409335727109515,0.5365853658536586,0.6055045871559633,0.5689655172413793,0.6440337351004101,0.6713079483640496,balanced,False,0.490543257165778,0.0207323896173135,255,,200,15,26,73
22,2,2227,1826,557,3,0.5763016157989228,0.4609053497942387,0.5161290322580645,0.4869565217391304,0.5798535614343274,0.5793168880455408,balanced,False,0.490543257165778,0.0207323896173135,255,,200,15,26,73
22,3,2227,1802,557,15,0.5691202872531418,0.4522821576763485,0.5023041474654378,0.4759825327510917,0.5725277660763877,0.565790187042559,balanced,False,0.490543257165778,0.0207323896173135,255,,200,15,26,73
22,4,2227,1828,557,8,0.5026929982046678,0.3936170212765957,0.511520737327189,0.4448897795591182,0.5088022814761486,0.4966657630794253,balanced,False,0.490543257165778,0.0207323896173135,255,,200,15,26,73
22,5,2228,1818,556,17,0.5665467625899281,0.4487179487179487,0.4838709677419355,0.4656319290465632,0.5691421516523142,0.5689816891643897,balanced,False,0.490543257165778,0.0207323896173135,255,,200,15,26,73
23,1,2227,1826,557,24,0.6229802513464991,0.5158730158730159,0.5963302752293578,0.5531914893617021,0.6266647512028393,0.670780222456767,balanced,False,0.6990815505927134,0.0241207523692418,255,,300,15,41,73
23,2,2227,1826,557,3,0.5619389587073609,0.4478764478764478,0.5345622119815668,0.4873949579831932,0.566846244021491,0.5758132285172133,balanced,False,0.6990815505927134,0.0241207523692418,255,,300,15,41,73
23,3,2227,1802,557,15,0.5385996409335727,0.4180327868852459,0.4700460829493088,0.4425162689804772,0.5425724602945736,0.5609108159392788,balanced,False,0.6990815505927134,0.0241207523692418,255,,300,15,41,73
23,4,2227,1828,557,8,0.5242369838420108,0.4097744360902255,0.5023041474654378,0.4513457556935817,0.5298973169311915,0.516766061263215,balanced,False,0.6990815505927134,0.0241207523692418,255,,300,15,41,73
23,5,2228,1818,556,17,0.5575539568345323,0.4361233480176211,0.456221198156682,0.4459459459459459,0.559224735440649,0.551812731944048,balanced,False,0.6990815505927134,0.0241207523692418,255,,300,15,41,73
24,1,2227,1826,557,24,0.6283662477558348,0.5222672064777328,0.591743119266055,0.5548387096774193,0.6316517617839921,0.6681280614868339,balanced,False,0.4812300865095408,0.0205235133689076,255,,200,15,31,73
24,2,2227,1826,557,3,0.5745062836624776,0.4579831932773109,0.5023041474654378,0.4791208791208791,0.5775458792548502,0.5785714285714286,balanced,False,0.4812300865095408,0.0205235133689076,255,,200,15,31,73
24,3,2227,1802,557,15,0.5547576301615799,0.4351464435146444,0.4792626728110599,0.4561403508771929,0.5580548644233678,0.5690973163458931,balanced,False,0.4812300865095408,0.0205235133689076,255,,200,15,31,73
24,4,2227,1828,557,8,0.5116696588868941,0.3962264150943396,0.4838709677419355,0.4356846473029045,0.5174406724249185,0.5066074817023583,balanced,False,0.4812300865095408,0.0205235133689076,255,,200,15,31,73
24,5,2228,1818,556,17,0.5539568345323741,0.4351464435146444,0.4792626728110599,0.4561403508771929,0.5572372653866637,0.5630955779399971,balanced,False,0.4812300865095408,0.0205235133689076,255,,200,15,31,73
25,1,2227,1826,557,24,0.6463195691202872,0.5488372093023256,0.5412844036697247,0.5450346420323325,0.6458733800141728,0.6679927471516334,balanced,False,0.1712841597689189,0.0660051061826213,255,,100,63,28,73
25,2,2227,1826,557,3,0.5385996409335727,0.4206349206349206,0.488479262672811,0.4520255863539446,0.5432974578487464,0.5584846841962592,balanced,False,0.1712841597689189,0.0660051061826213,255,,100,63,28,73
25,3,2227,1802,557,15,0.5709156193895871,0.4485981308411215,0.4423963133640553,0.445475638051044,0.5703646385052303,0.5589184060721062,balanced,False,0.1712841597689189,0.0660051061826213,255,,100,63,28,73
25,4,2227,1828,557,8,0.5062836624775583,0.3791666666666666,0.4193548387096774,0.3982494529540481,0.5100656819890358,0.5079696394686907,balanced,False,0.1712841597689189,0.0660051061826213,255,,100,63,28,73
25,5,2228,1818,556,17,0.5629496402877698,0.431578947368421,0.3778801843317972,0.4029484029484029,0.5568219333258365,0.5433302067615513,balanced,False,0.1712841597689189,0.0660051061826213,255,,100,63,28,73
26,1,2227,1826,557,24,0.6265709156193896,0.5211864406779662,0.5642201834862385,0.5418502202643172,0.6288814800381644,0.6563692457578956,balanced,False,0.4675363561604091,0.0134530962813993,255,10.0,300,15,15,73
26,2,2227,1826,557,3,0.5385996409335727,0.4224806201550387,0.5023041474654378,0.4589473684210526,0.5437103501245169,0.5618528056383845,balanced,False,0.4675363561604091,0.0134530962813993,255,10.0,300,15,15,73
26,3,2227,1802,557,15,0.5655296229802513,0.445414847161572,0.4700460829493088,0.4573991031390134,0.567472087408537,0.5752642992680943,balanced,False,0.4675363561604091,0.0134530962813993,255,10.0,300,15,15,73
26,4,2227,1828,557,8,0.4955116696588869,0.3888888888888889,0.5161290322580645,0.4435643564356435,0.501567924566687,0.5081593927893738,balanced,False,0.4675363561604091,0.0134530962813993,255,10.0,300,15,15,73
26,5,2228,1818,556,17,0.5611510791366906,0.4430379746835443,0.4838709677419355,0.4625550660792951,0.5641479184393471,0.5761592104726561,balanced,False,0.4675363561604091,0.0134530962813993,255,10.0,300,15,15,73
27,1,2227,1826,557,24,0.6265709156193896,0.5213675213675214,0.5596330275229358,0.5398230088495575,0.6286675417648839,0.6641633514654542,balanced,False,0.6240928292868995,0.0369099630818575,255,,200,15,26,73
27,2,2227,1826,557,3,0.5798922800718133,0.4669260700389105,0.5529953917050692,0.5063291139240507,0.5844899779560484,0.5769788560585525,balanced,False,0.6240928292868995,0.0369099630818575,255,,200,15,26,73
27,3,2227,1802,557,15,0.5691202872531418,0.4502164502164502,0.4792626728110599,0.4642857142857143,0.5713240170152198,0.5698969910544862,balanced,False,0.6240928292868995,0.0369099630818575,255,,200,15,26,73
27,4,2227,1828,557,8,0.4919210053859964,0.375,0.456221198156682,0.4116424116424116,0.4978816592658518,0.4877338031986988,balanced,False,0.6240928292868995,0.0369099630818575,255,,200,15,26,73
27,5,2228,1818,556,17,0.5593525179856115,0.4396551724137931,0.4700460829493088,0.4543429844097995,0.5617282992882318,0.5624294822125254,balanced,False,0.6240928292868995,0.0369099630818575,255,,200,15,26,73
28,1,2227,1826,557,24,0.6283662477558348,0.5210727969348659,0.6238532110091743,0.5678496868475992,0.6324642195968649,0.6751102811831886,balanced,False,0.5378585709063879,0.0220448383092588,255,,100,15,34,73
28,2,2227,1826,557,3,0.5798922800718133,0.4618834080717489,0.4746543778801843,0.4681818181818182,0.5808867352221694,0.5790051504472756,balanced,False,0.5378585709063879,0.0220448383092588,255,,100,15,34,73
28,3,2227,1802,557,15,0.5691202872531418,0.4534412955465587,0.5161290322580645,0.4827586206896552,0.5731062103253027,0.5892653835727839,balanced,False,0.5378585709063879,0.0220448383092588,255,,100,15,34,73
28,4,2227,1828,557,8,0.5044883303411131,0.3986254295532646,0.5345622119815668,0.4566929133858268,0.5103247343917586,0.5210626185958254,balanced,False,0.5378585709063879,0.0220448383092588,255,,100,15,34,73
28,5,2228,1818,556,17,0.5575539568345323,0.4393305439330544,0.4838709677419355,0.4605263157894737,0.5608079326012874,0.5642918314913747,balanced,False,0.5378585709063879,0.0220448383092588,255,,100,15,34,73
29,1,2227,1826,557,24,0.6499102333931778,0.5550239234449761,0.5321100917431193,0.5433255269320844,0.6485139271949976,0.6624989851424861,balanced,False,0.3901816081446309,0.0665449324692604,255,,300,63,33,73
29,2,2227,1826,557,3,0.5565529622980251,0.4409448818897638,0.5161290322580645,0.4755838641188959,0.5612121483518785,0.5488750338845215,balanced,False,0.3901816081446309,0.0665449324692604,255,,300,63,33,73
29,3,2227,1802,557,15,0.5529622980251346,0.4207920792079208,0.391705069124424,0.4057279236276849,0.5497845777143984,0.5460829493087558,balanced,False,0.3901816081446309,0.0665449324692604,255,,300,63,33,73
29,4,2227,1828,557,8,0.5044883303411131,0.357487922705314,0.3410138248847926,0.3490566037735849,0.502235696622743,0.4880726484142044,balanced,False,0.3901816081446309,0.0665449324692604,255,,300,63,33,73
29,5,2228,1818,556,17,0.5701438848920863,0.4427083333333333,0.391705069124424,0.4156479217603912,0.5646497183511299,0.5467422481410492,balanced,False,0.3901816081446309,0.0665449324692604,255,,300,63,33,73
30,1,2227,1826,557,24,0.6319569120287253,0.5269709543568465,0.5825688073394495,0.5533769063180828,0.6347162099391754,0.6640550999972936,balanced,False,0.2399795478001293,0.0210400251144895,255,,500,15,41,73
30,2,2227,1826,557,3,0.5529622980251346,0.4389312977099237,0.5299539170506913,0.4801670146137787,0.5581210188968055,0.572743290864733,balanced,False,0.2399795478001293,0.0210400251144895,255,,500,15,41,73
30,3,2227,1802,557,15,0.5547576301615799,0.4345991561181435,0.4746543778801843,0.4537444933920704,0.5578186343061105,0.5553808620222282,balanced,False,0.2399795478001293,0.0210400251144895,255,,500,15,41,73
30,4,2227,1828,557,8,0.5080789946140036,0.3891050583657587,0.4608294930875576,0.4219409282700422,0.5134626237605012,0.5099756031444835,balanced,False,0.2399795478001293,0.0210400251144895,255,,500,15,41,73
30,5,2228,1818,556,17,0.5593525179856115,0.4351851851851852,0.4331797235023041,0.4341801385681293,0.559168169856867,0.5521933580740318,balanced,False,0.2399795478001293,0.0210400251144895,255,,500,15,41,73
31,1,2227,1826,557,24,0.6391382405745063,0.5352697095435685,0.591743119266055,0.5620915032679739,0.6418436985257281,0.6726881545830965,balanced,False,0.5196301546230208,0.0285927644683319,255,10.0,100,15,24,73
31,2,2227,1826,557,3,0.578096947935368,0.461864406779661,0.5023041474654378,0.4812362030905077,0.5808811448371114,0.5777243155326647,balanced,False,0.5196301546230208,0.0285927644683319,255,10.0,100,15,24,73
31,3,2227,1802,557,15,0.547576301615799,0.4261603375527426,0.4654377880184331,0.4449339207048458,0.5506866767949187,0.5753320683111954,balanced,False,0.5196301546230208,0.0285927644683319,255,10.0,100,15,24,73
31,4,2227,1828,557,8,0.4847396768402154,0.3776223776223776,0.4976958525345622,0.4294234592445328,0.490986516470497,0.5048929249119003,balanced,False,0.5196301546230208,0.0285927644683319,255,10.0,100,15,24,73
31,5,2228,1818,556,17,0.5683453237410072,0.4526748971193415,0.5069124423963134,0.4782608695652174,0.571937648600778,0.5783749983007762,balanced,False,0.5196301546230208,0.0285927644683319,255,10.0,100,15,24,73
32,1,2227,1826,557,24,0.6355475763016158,0.5280898876404494,0.6467889908256881,0.5814432989690722,0.6397623769205262,0.6729520175367377,balanced,False,0.4232209406131425,0.0137783545202791,255,,100,15,34,73
32,2,2227,1826,557,3,0.5709156193895871,0.4476190476190476,0.4331797235023041,0.4402810304449648,0.5695845537089287,0.5787408511791813,balanced,False,0.4232209406131425,0.0137783545202791,255,,100,15,34,73
32,3,2227,1802,557,15,0.5529622980251346,0.4393939393939394,0.5345622119815668,0.4823284823284823,0.5582068309441593,0.5825155868799132,balanced,False,0.4232209406131425,0.0137783545202791,255,,100,15,34,73
32,4,2227,1828,557,8,0.5062836624775583,0.4039735099337748,0.5622119815668203,0.4701348747591522,0.5114477750087592,0.5257047980482514,balanced,False,0.4232209406131425,0.0137783545202791,255,,100,15,34,73
32,5,2228,1818,556,17,0.5503597122302158,0.4315352697095436,0.4792626728110599,0.4541484716157205,0.5538903999591881,0.5591601756317713,balanced,False,0.4232209406131425,0.0137783545202791,255,,100,15,34,73
33,1,2227,1826,557,24,0.6193895870736086,0.5112781954887218,0.6238532110091743,0.5619834710743802,0.6237633863878355,0.6701983708154041,balanced,False,0.3719981465115278,0.0137962238771039,255,,100,15,35,73
33,2,2227,1826,557,3,0.5673249551166966,0.4439252336448598,0.4377880184331797,0.4408352668213457,0.5667693635136423,0.5735565193819464,balanced,False,0.3719981465115278,0.0137962238771039,255,,100,15,35,73
33,3,2227,1802,557,15,0.5439856373429084,0.4317343173431734,0.5391705069124424,0.4795081967213114,0.5495475890898193,0.5850908105177555,balanced,False,0.3719981465115278,0.0137962238771039,255,,100,15,35,73
33,4,2227,1828,557,8,0.5062836624775583,0.4064516129032258,0.5806451612903226,0.4781783681214421,0.5107364603908783,0.5278869612361072,balanced,False,0.3719981465115278,0.0137962238771039,255,,100,15,35,73
33,5,2228,1818,556,17,0.5593525179856115,0.4401709401709401,0.4746543778801843,0.4567627494456763,0.5619909840448837,0.5643665973383358,balanced,False,0.3719981465115278,0.0137962238771039,255,,100,15,35,73
34,1,2227,1826,557,24,0.6732495511669659,0.7093023255813954,0.2798165137614679,0.4013157894736842,0.6289344196317646,0.6645489973207761,,False,0.3448585102521579,0.0135242328325436,255,,100,15,40,73
34,2,2227,1826,557,3,0.6337522441651705,0.6,0.1797235023041474,0.2765957446808511,0.5685024990670736,0.5666779615071835,,False,0.3448585102521579,0.0135242328325436,255,,100,15,40,73
34,3,2227,1802,557,15,0.6265709156193896,0.5569620253164557,0.2027649769585253,0.2972972972972973,0.5710210875895012,0.5832203849281649,,False,0.3448585102521579,0.0135242328325436,255,,100,15,40,73
34,4,2227,1828,557,8,0.6157989228007181,0.5333333333333333,0.1105990783410138,0.183206106870229,0.5284679787396335,0.5399566278124153,,False,0.3448585102521579,0.0135242328325436,255,,100,15,40,73
34,5,2228,1818,556,17,0.591726618705036,0.4074074074074074,0.1013824884792626,0.1623616236162361,0.5085084329743886,0.5562918858665361,,False,0.3448585102521579,0.0135242328325436,255,,100,15,40,73
35,1,2227,1826,557,24,0.6086175942549371,0.5,0.5779816513761468,0.5361702127659574,0.6124424560105665,0.6678439013829126,balanced,False,0.4145869856203235,0.0133509249630804,255,,100,31,34,73
35,2,2227,1826,557,3,0.5834829443447038,0.4672489082969432,0.4930875576036866,0.4798206278026906,0.5853451416478537,0.575792897804283,balanced,False,0.4145869856203235,0.0133509249630804,255,,100,31,34,73
35,3,2227,1802,557,15,0.5493716337522442,0.4356060606060606,0.5299539170506913,0.4781704781704782,0.5546582914336707,0.5826104635402548,balanced,False,0.4145869856203235,0.0133509249630804,255,,100,31,34,73
35,4,2227,1828,557,8,0.5439856373429084,0.4274509803921568,0.5023041474654378,0.461864406779661,0.5488463955382408,0.5283071293033342,balanced,False,0.4145869856203235,0.0133509249630804,255,,100,31,34,73
35,5,2228,1818,556,17,0.5503597122302158,0.4291845493562232,0.4608294930875576,0.4444444444444444,0.5529195978564581,0.5484142843549067,balanced,False,0.4145869856203235,0.0133509249630804,255,,100,31,34,73
36,1,2227,1826,557,24,0.6193895870736086,0.5111111111111111,0.6330275229357798,0.5655737704918032,0.6238599104957394,0.6695420962896809,balanced,False,0.2959422409153904,0.0131920208078725,255,,100,15,30,73
36,2,2227,1826,557,3,0.5763016157989228,0.4536585365853658,0.4285714285714285,0.4407582938388625,0.5739511535684015,0.5684602873407428,balanced,False,0.2959422409153904,0.0131920208078725,255,,100,15,30,73
36,3,2227,1802,557,15,0.5493716337522442,0.4351145038167939,0.5253456221198156,0.4759916492693111,0.5545717901329245,0.5810788831661697,balanced,False,0.2959422409153904,0.0131920208078725,255,,100,15,30,73
36,4,2227,1828,557,8,0.5116696588868941,0.4067796610169492,0.5529953917050692,0.46875,0.5172306778124386,0.5236513960422879,balanced,False,0.2959422409153904,0.0131920208078725,255,,100,15,30,73
36,5,2228,1818,556,17,0.5467625899280576,0.4261603375527426,0.4654377880184331,0.4449339207048458,0.5498576862570306,0.5556325870342427,balanced,False,0.2959422409153904,0.0131920208078725,255,,100,15,30,73
37,1,2227,1826,557,24,0.6929982046678635,0.674074074074074,0.4174311926605504,0.5155807365439093,0.6736478106412035,0.6838515872371518,,False,0.3624118538300421,0.0229398981560613,255,,100,31,37,73
37,2,2227,1826,557,3,0.5942549371633752,0.4628099173553719,0.2580645161290322,0.3313609467455621,0.5617319692766355,0.5694903767958797,,False,0.3624118538300421,0.0229398981560613,255,,100,31,37,73
37,3,2227,1802,557,15,0.6032315978456014,0.4836065573770491,0.271889400921659,0.3480825958702065,0.5719552685711982,0.5752914068853348,,False,0.3624118538300421,0.0229398981560613,255,,100,31,37,73
37,4,2227,1828,557,8,0.5888689407540395,0.4433962264150943,0.216589861751152,0.2910216718266253,0.5470724213470318,0.5231227975060992,,False,0.3624118538300421,0.0229398981560613,255,,100,31,37,73
37,5,2228,1818,556,17,0.579136690647482,0.4220183486238532,0.2119815668202765,0.2822085889570552,0.5383374094991791,0.557059935021682,,False,0.3624118538300421,0.0229398981560613,255,,100,31,37,73
38,1,2227,1826,557,24,0.6211849192100538,0.5131086142322098,0.6284403669724771,0.5649484536082474,0.6255658203459656,0.6736827149468215,balanced,False,0.4367980656334225,0.0123930278748552,255,,100,15,35,73
38,2,2227,1826,557,3,0.5673249551166966,0.4433962264150943,0.4331797235023041,0.4382284382284382,0.5663826447744466,0.5685551640010843,balanced,False,0.4367980656334225,0.0123930278748552,255,,100,15,35,73
38,3,2227,1802,557,15,0.547576301615799,0.4334600760456273,0.5253456221198156,0.475,0.5528420900611092,0.5840607210626185,balanced,False,0.4367980656334225,0.0123930278748552,255,,100,15,35,73
38,4,2227,1828,557,8,0.5116696588868941,0.4115755627009646,0.5898617511520737,0.4848484848484848,0.5159720315142157,0.5266264570344267,balanced,False,0.4367980656334225,0.0123930278748552,255,,100,15,35,73
38,5,2228,1818,556,17,0.5503597122302158,0.4309623430962343,0.4746543778801843,0.4517543859649123,0.55366659817204,0.5612060410804344,balanced,False,0.4367980656334225,0.0123930278748552,255,,100,15,35,73
39,1,2227,1826,557,24,0.6642728904847397,0.6867469879518072,0.2614678899082568,0.3787375415282392,0.6168592716543244,0.6620253849692836,,False,0.024876345579639,0.0190919169601678,255,3.0,200,15,39,73
39,2,2227,1826,557,3,0.6373429084380611,0.6666666666666666,0.1382488479262673,0.2290076335877862,0.5549090266607756,0.5888858769314178,,False,0.024876345579639,0.0190919169601678,255,3.0,200,15,39,73
39,3,2227,1802,557,15,0.6050269299820467,0.4810126582278481,0.1751152073732718,0.2567567567567567,0.5462723041812031,0.5794592030360531,,False,0.024876345579639,0.0190919169601678,255,3.0,200,15,39,73
39,4,2227,1828,557,8,0.5978456014362658,0.4385964912280701,0.1152073732718894,0.1824817518248175,0.5187286777007517,0.5363784223366765,,False,0.024876345579639,0.0190919169601678,255,3.0,200,15,39,73
39,5,2228,1818,556,17,0.6025179856115108,0.46,0.1059907834101382,0.1722846441947565,0.5174896210948268,0.5676223101287332,,False,0.024876345579639,0.0190919169601678,255,3.0,200,15,39,73
40,1,2227,1826,557,24,0.6427289048473968,0.5422222222222223,0.5596330275229358,0.5507900677200903,0.643688028334567,0.6722957430110146,balanced,False,0.2743368792252275,0.0854023871950451,255,,100,31,29,73
40,2,2227,1826,557,3,0.5493716337522442,0.4346153846153846,0.5207373271889401,0.4737945492662473,0.5544733835684104,0.5681688804554079,balanced,False,0.2743368792252275,0.0854023871950451,255,,100,31,29,73
40,3,2227,1802,557,15,0.5655296229802513,0.4429223744292237,0.4470046082949309,0.4449541284403669,0.5658853029051477,0.5626999186771482,balanced,False,0.2743368792252275,0.0854023871950451,255,,100,31,29,73
40,4,2227,1828,557,8,0.4919210053859964,0.3658536585365853,0.4147465437788018,0.3887688984881209,0.4965161069221536,0.4981160206017891,balanced,False,0.2743368792252275,0.0854023871950451,255,,100,31,29,73
40,5,2228,1818,556,17,0.5665467625899281,0.4393939393939394,0.4009216589861751,0.4192771084337349,0.5625322383015956,0.5403939480445333,balanced,False,0.2743368792252275,0.0854023871950451,255,,100,31,29,73
41,1,2227,1826,557,24,0.6140035906642729,0.5055762081784386,0.6238532110091743,0.5585215605749486,0.618516483063883,0.6702457308327245,balanced,False,0.4261016841539871,0.0122902727331937,255,,100,15,35,73
41,2,2227,1826,557,3,0.5655296229802513,0.4413145539906103,0.4331797235023041,0.4372093023255814,0.5647792117483528,0.5688397939821089,balanced,False,0.4261016841539871,0.0122902727331937,255,,100,15,35,73
41,3,2227,1802,557,15,0.5439856373429084,0.4322344322344322,0.543778801843318,0.4816326530612245,0.5495814179835724,0.5824478178368122,balanced,False,0.4261016841539871,0.0122902727331937,255,,100,15,35,73
41,4,2227,1828,557,8,0.5062836624775583,0.4058441558441558,0.576036866359447,0.4761904761904761,0.510933034212914,0.5294795337489834,balanced,False,0.4261016841539871,0.0122902727331937,255,,100,15,35,73
41,5,2228,1818,556,17,0.5539568345323741,0.4351464435146444,0.4792626728110599,0.4561403508771929,0.5572372653866637,0.5566181368350936,balanced,False,0.4261016841539871,0.0122902727331937,255,,100,15,35,73
42,1,2227,1826,557,24,0.6175942549371634,0.5092936802973977,0.6284403669724771,0.5626283367556468,0.6220651669423585,0.6644610430028957,balanced,False,0.4418057999568266,0.0149229961256658,255,,100,15,44,73
42,2,2227,1826,557,3,0.5655296229802513,0.4434389140271493,0.4516129032258064,0.4474885844748858,0.5662280906637149,0.5739902412577934,balanced,False,0.4418057999568266,0.0149229961256658,255,,100,15,44,73
42,3,2227,1802,557,15,0.5368043087971275,0.4202334630350194,0.4976958525345622,0.4556962025316455,0.5418735654387201,0.5785917592843589,balanced,False,0.4418057999568266,0.0149229961256658,255,,100,15,44,73
42,4,2227,1828,557,8,0.5314183123877917,0.4225352112676056,0.5529953917050692,0.4790419161676646,0.5371429755961906,0.5453307129303333,balanced,False,0.4418057999568266,0.0149229961256658,255,,100,15,44,73
42,5,2228,1818,556,17,0.5449640287769785,0.425,0.4700460829493088,0.4463894967177242,0.5484254245592118,0.5566181368350938,balanced,False,0.4418057999568266,0.0149229961256658,255,,100,15,44,73
43,1,2227,1826,557,24,0.6175942549371634,0.509090909090909,0.6422018348623854,0.5679513184584178,0.6221508529714443,0.668547535925956,balanced,False,0.3463311039554406,0.010022212427107,255,,100,15,35,73
43,2,2227,1826,557,3,0.5691202872531418,0.4449760765550239,0.4285714285714285,0.4366197183098591,0.5675795829631037,0.5703374898346436,balanced,False,0.3463311039554406,0.010022212427107,255,,100,15,35,73
43,3,2227,1802,557,15,0.547576301615799,0.4354243542435424,0.543778801843318,0.4836065573770491,0.5530944584670648,0.5830306316074816,balanced,False,0.3463311039554406,0.010022212427107,255,,100,15,35,73
43,4,2227,1828,557,8,0.4991023339317774,0.4006410256410256,0.576036866359447,0.4725897920604915,0.5034077894493366,0.5257793439956628,balanced,False,0.3463311039554406,0.010022212427107,255,,100,15,35,73
43,5,2228,1818,556,17,0.5449640287769785,0.4243697478991596,0.4654377880184331,0.4439560439560439,0.5481925945018484,0.5565569647784891,balanced,False,0.3463311039554406,0.010022212427107,255,,100,15,35,73
44,1,2227,1826,557,24,0.6193895870736086,0.512396694214876,0.5688073394495413,0.5391304347826087,0.6223348770659389,0.6640009742632135,balanced,False,0.5221815497583451,0.0254983003793732,255,,400,15,38,73
44,2,2227,1826,557,3,0.5493716337522442,0.4346153846153846,0.5207373271889401,0.4737945492662473,0.5544733835684104,0.5721265925725129,balanced,False,0.5221815497583451,0.0254983003793732,255,,400,15,38,73
44,3,2227,1802,557,15,0.547576301615799,0.4242424242424242,0.4516129032258064,0.4375,0.5498902178659809,0.5566955814583898,balanced,False,0.5221815497583451,0.0254983003793732,255,,400,15,38,73
44,4,2227,1828,557,8,0.5116696588868941,0.3929961089494163,0.4654377880184331,0.4261603375527426,0.5170139914702785,0.5083626999186771,balanced,False,0.5221815497583451,0.0254983003793732,255,,400,15,38,73
44,5,2228,1818,556,17,0.5539568345323741,0.4311111111111111,0.4470046082949309,0.4389140271493212,0.5553304799936641,0.5423786414365916,balanced,False,0.5221815497583451,0.0254983003793732,255,,400,15,38,73
45,1,2227,1826,557,24,0.6499102333931778,0.6575342465753424,0.2201834862385321,0.3298969072164948,0.593528784674321,0.6516806040431924,,False,0.6076692549055935,0.0121328528869657,255,3.0,200,15,33,73
45,2,2227,1826,557,3,0.6355475763016158,0.6590909090909091,0.1336405529953917,0.2222222222222222,0.5517195736571433,0.5805909460558416,,False,0.6076692549055935,0.0121328528869657,255,3.0,200,15,33,73
45,3,2227,1802,557,15,0.6211849192100538,0.5441176470588235,0.1705069124423963,0.2596491228070175,0.5562044202184344,0.581282190295473,,False,0.6076692549055935,0.0121328528869657,255,3.0,200,15,33,73
45,4,2227,1828,557,8,0.6086175942549371,0.4883720930232558,0.0967741935483871,0.1615384615384615,0.5175265297436178,0.5384453781512605,,False,0.6076692549055935,0.0121328528869657,255,3.0,200,15,33,73
45,5,2228,1818,556,17,0.60431654676259,0.4705882352941176,0.1105990783410138,0.1791044776119403,0.5206847890860403,0.5676970759756942,,False,0.6076692549055935,0.0121328528869657,255,3.0,200,15,33,73
46,1,2227,1826,557,24,0.6086175942549371,0.5,0.6009174311926605,0.5458333333333333,0.6129748615744176,0.6731482233227788,balanced,False,0.6793027710295857,0.0149840788187742,255,,100,63,36,73
46,2,2227,1826,557,3,0.5691202872531418,0.4526748971193415,0.5069124423963134,0.4782608695652174,0.5727324353569431,0.5728720520466251,balanced,False,0.6793027710295857,0.0149840788187742,255,,100,63,36,73
46,3,2227,1802,557,15,0.5565529622980251,0.4427480916030534,0.5345622119815668,0.4843423799582463,0.5616702476606867,0.5870832203849281,balanced,False,0.6793027710295857,0.0149840788187742,255,,100,63,36,73
46,4,2227,1828,557,8,0.533213644524237,0.4150197628458498,0.4838709677419355,0.4468085106382978,0.538043745176246,0.5243087557603687,balanced,False,0.6793027710295857,0.0149840788187742,255,,100,63,36,73
46,5,2228,1818,556,17,0.5665467625899281,0.4482758620689655,0.4792626728110599,0.4632516703786191,0.568883755626383,0.5651550371790166,balanced,False,0.6793027710295857,0.0149840788187742,255,,100,63,36,73
47,1,2227,1826,557,24,0.6337522441651705,0.5330188679245284,0.518348623853211,0.5255813953488372,0.6328033770702903,0.6657059348867419,balanced,False,0.673590793646133,0.134920768707388,255,,100,63,43,73
47,2,2227,1826,557,3,0.5350089766606823,0.4198473282442748,0.5069124423963134,0.4592901878914405,0.5403748750774001,0.558355923014367,balanced,False,0.673590793646133,0.134920768707388,255,,100,63,43,73
47,3,2227,1802,557,15,0.5547576301615799,0.4292237442922374,0.4331797235023041,0.4311926605504587,0.5551221285970109,0.5550691244239632,balanced,False,0.673590793646133,0.134920768707388,255,,100,63,43,73
47,4,2227,1828,557,8,0.5350089766606823,0.4027777777777778,0.4009216589861751,0.4018475750577367,0.534813438626023,0.5085795608566007,balanced,False,0.673590793646133,0.134920768707388,255,,100,63,43,73
47,5,2228,1818,556,17,0.5827338129496403,0.4619289340101523,0.4193548387096774,0.4396135265700483,0.5786329451450675,0.5371722197300273,balanced,False,0.673590793646133,0.134920768707388,255,,100,63,43,73
48,1,2227,1826,557,24,0.6409335727109515,0.5375,0.591743119266055,0.5633187772925764,0.6435365079231531,0.6787367053665665,balanced,False,0.7220510604726983,0.0153594765845446,255,,200,63,31,73
48,2,2227,1826,557,3,0.5619389587073609,0.4453441295546558,0.5069124423963134,0.4741379310344827,0.5659913138307244,0.567193006234752,balanced,False,0.7220510604726983,0.0153594765845446,255,,200,63,31,73
48,3,2227,1802,557,15,0.5493716337522442,0.4285714285714285,0.4700460829493088,0.4483516483516483,0.5525907835146304,0.5741664407698563,balanced,False,0.7220510604726983,0.0153594765845446,255,,200,63,31,73
48,4,2227,1828,557,8,0.5278276481149012,0.41015625,0.4838709677419355,0.4439746300211416,0.5329294698085933,0.5136622390891841,balanced,False,0.7220510604726983,0.0153594765845446,255,,200,63,31,73
48,5,2228,1818,556,17,0.5701438848920863,0.445,0.4101382488479262,0.4268585131894484,0.5666390628504392,0.5622119815668203,balanced,False,0.7220510604726983,0.0153594765845446,255,,200,63,31,73
49,1,2227,1826,557,24,0.6427289048473968,0.5426008968609866,0.555045871559633,0.5487528344671202,0.6434270925916782,0.6539674163080837,balanced,False,0.807677618316869,0.0276009962289476,255,3.0,100,63,37,73
49,2,2227,1826,557,3,0.5834829443447038,0.4590163934426229,0.3870967741935484,0.42,0.5756980422330513,0.573238004879371,balanced,False,0.807677618316869,0.0276009962289476,255,3.0,100,63,37,73
49,3,2227,1802,557,15,0.5583482944344704,0.4382978723404255,0.4746543778801843,0.4557522123893805,0.561137916000651,0.5821428571428572,balanced,False,0.807677618316869,0.0276009962289476,255,3.0,100,63,37,73
49,4,2227,1828,557,8,0.5098743267504489,0.400709219858156,0.5207373271889401,0.4529058116232465,0.5158953893248687,0.549457847655191,balanced,False,0.807677618316869,0.0276009962289476,255,3.0,100,63,37,73
49,5,2228,1818,556,17,0.5359712230215827,0.4135021097046413,0.4516129032258064,0.4317180616740088,0.5391400121202932,0.5638024550385383,balanced,False,0.807677618316869,0.0276009962289476,255,3.0,100,63,37,73
