trial_number,fold,train_row_count,filtered_train_row_count,validation_row_count,selected_feature_count,accuracy,precision,recall,f1,f1_weighted,roc_auc,param_colsample_bytree,param_eval_metric,param_gamma,param_learning_rate,param_max_depth,param_min_child_weight,param_n_estimators,param_n_jobs,param_objective,param_random_state,param_reg_alpha,param_reg_lambda,param_subsample,param_tree_method,param_verbosity
0,1,2227,1826,557,24,0.6678635547576302,0.6012269938650306,0.4495412844036697,0.5144356955380578,0.6563512324423826,0.6720792400746936,0.7971955934444767,logloss,1.219900096437906,0.0570342047169544,5,3,400,-1,binary:logistic,73,0.0003773602994151,3.509597624572087,0.8441028908451985,hist,0
0,2,2227,1826,557,3,0.5978456014362658,0.4690265486725664,0.2442396313364055,0.3212121212121212,0.5611493234473486,0.5813567362428842,0.7971955934444767,logloss,1.219900096437906,0.0570342047169544,5,3,400,-1,binary:logistic,73,0.0003773602994151,3.509597624572087,0.8441028908451985,hist,0
0,3,2227,1802,557,15,0.5906642728904847,0.464968152866242,0.336405529953917,0.3903743315508021,0.574424547916997,0.5740580103008945,0.7971955934444767,logloss,1.219900096437906,0.0570342047169544,5,3,400,-1,binary:logistic,73,0.0003773602994151,3.509597624572087,0.8441028908451985,hist,0
0,4,2227,1828,557,8,0.5565529622980251,0.3986486486486486,0.271889400921659,0.3232876712328767,0.5350639034415562,0.5027514231499051,0.7971955934444767,logloss,1.219900096437906,0.0570342047169544,5,3,400,-1,binary:logistic,73,0.0003773602994151,3.509597624572087,0.8441028908451985,hist,0
0,5,2228,1818,556,17,0.5701438848920863,0.4166666666666667,0.2534562211981567,0.3151862464183381,0.541741002493307,0.5326454875412912,0.7971955934444767,logloss,1.219900096437906,0.0570342047169544,5,3,400,-1,binary:logistic,73,0.0003773602994151,3.509597624572087,0.8441028908451985,hist,0
1,1,2227,1826,557,24,0.6606822262118492,0.5947712418300654,0.4174311926605504,0.490566037735849,0.6457999217018356,0.6752185326513491,0.9622879365735616,logloss,2.943318378397697,0.0761282831175293,4,2,200,-1,binary:logistic,73,1.2467303481508757e-06,5.658214935507401,0.6965739067514468,hist,0
1,2,2227,1826,557,3,0.644524236983842,0.6417910447761194,0.1981566820276497,0.3028169014084507,0.5827698992292533,0.5892789373814041,0.9622879365735616,logloss,2.943318378397697,0.0761282831175293,4,2,200,-1,binary:logistic,73,1.2467303481508757e-06,5.658214935507401,0.6965739067514468,hist,0
1,3,2227,1802,557,15,0.6104129263913824,0.5,0.2811059907834101,0.359882005899705,0.5797026845246607,0.5855380862022228,0.9622879365735616,logloss,2.943318378397697,0.0761282831175293,4,2,200,-1,binary:logistic,73,1.2467303481508757e-06,5.658214935507401,0.6965739067514468,hist,0
1,4,2227,1828,557,8,0.59245960502693,0.4509803921568627,0.2119815668202765,0.2884012539184953,0.5484763215332571,0.5219300623475197,0.9622879365735616,logloss,2.943318378397697,0.0761282831175293,4,2,200,-1,binary:logistic,73,1.2467303481508757e-06,5.658214935507401,0.6965739067514468,hist,0
1,5,2228,1818,556,17,0.579136690647482,0.4141414141414141,0.1889400921658986,0.2594936708860759,0.5317524238989318,0.545872245558229,0.9622879365735616,logloss,2.943318378397697,0.0761282831175293,4,2,200,-1,binary:logistic,73,1.2467303481508757e-06,5.658214935507401,0.6965739067514468,hist,0
2,1,2227,1826,557,24,0.6373429084380611,0.5404040404040404,0.4908256880733945,0.5144230769230769,0.6338208502284627,0.6198343752537143,0.6136175405321111,logloss,0.1372727267344514,0.271527423263149,2,6,600,-1,binary:logistic,73,5.011596140896913e-06,0.2435969883794701,0.6173709429837138,hist,0
2,2,2227,1826,557,3,0.5906642728904847,0.4662576687116564,0.3502304147465437,0.4,0.5766372010429558,0.5681824342640283,0.6136175405321111,logloss,0.1372727267344514,0.271527423263149,2,6,600,-1,binary:logistic,73,5.011596140896913e-06,0.2435969883794701,0.6173709429837138,hist,0
2,3,2227,1802,557,15,0.5727109515260324,0.4406779661016949,0.3594470046082949,0.3959390862944162,0.562890292346498,0.5579560856600705,0.6136175405321111,logloss,0.1372727267344514,0.271527423263149,2,6,600,-1,binary:logistic,73,5.011596140896913e-06,0.2435969883794701,0.6173709429837138,hist,0
2,4,2227,1828,557,8,0.533213644524237,0.3712574850299401,0.2857142857142857,0.3229166666666667,0.5188097419312527,0.4836812144212523,0.6136175405321111,logloss,0.1372727267344514,0.271527423263149,2,6,600,-1,binary:logistic,73,5.011596140896913e-06,0.2435969883794701,0.6173709429837138,hist,0
2,5,2228,1818,556,17,0.5665467625899281,0.4333333333333333,0.3594470046082949,0.3929471032745592,0.5575632837162656,0.5374848769082283,0.6136175405321111,logloss,0.1372727267344514,0.271527423263149,2,6,600,-1,binary:logistic,73,5.011596140896913e-06,0.2435969883794701,0.6173709429837138,hist,0
3,1,2227,1826,557,24,0.6678635547576302,0.6240601503759399,0.3807339449541284,0.4729344729344729,0.6461479951836219,0.6492990717436605,0.86209001442807,logloss,3.44580427018248,0.2506561592048676,8,1,200,-1,binary:logistic,73,0.0012424627660752,1.605283540642144,0.9279542010007942,hist,0
3,2,2227,1826,557,3,0.6319569120287253,0.5967741935483871,0.1705069124423963,0.2652329749103942,0.5638824087313105,0.5786866359447004,0.86209001442807,logloss,3.44580427018248,0.2506561592048676,8,1,200,-1,binary:logistic,73,0.0012424627660752,1.605283540642144,0.9279542010007942,hist,0
3,3,2227,1802,557,15,0.6140035906642729,0.5086206896551724,0.271889400921659,0.3543543543543543,0.5804253923706727,0.585910815939279,0.86209001442807,logloss,3.44580427018248,0.2506561592048676,8,1,200,-1,binary:logistic,73,0.0012424627660752,1.605283540642144,0.9279542010007942,hist,0
3,4,2227,1828,557,8,0.5798922800718133,0.4123711340206185,0.184331797235023,0.2547770700636942,0.5311249985705955,0.5259487666034155,0.86209001442807,logloss,3.44580427018248,0.2506561592048676,8,1,200,-1,binary:logistic,73,0.0012424627660752,1.605283540642144,0.9279542010007942,hist,0
3,5,2228,1818,556,17,0.5845323741007195,0.4426229508196721,0.2488479262672811,0.3185840707964602,0.551847912504465,0.589555890869051,0.86209001442807,logloss,3.44580427018248,0.2506561592048676,8,1,200,-1,binary:logistic,73,0.0012424627660752,1.605283540642144,0.9279542010007942,hist,0
4,1,2227,1826,557,24,0.6732495511669659,0.6914893617021277,0.2981651376146789,0.4166666666666667,0.6335783819923559,0.6624042651078454,0.6325648711189599,logloss,3.66598040069765,0.0561755793396314,3,4,100,-1,binary:logistic,73,0.007065509963103,0.172219252069822,0.7906392891802798,hist,0
4,2,2227,1826,557,3,0.6319569120287253,0.7142857142857143,0.0921658986175115,0.1632653061224489,0.5300205328385226,0.5631336405529954,0.6325648711189599,logloss,3.66598040069765,0.0561755793396314,3,4,100,-1,binary:logistic,73,0.007065509963103,0.172219252069822,0.7906392891802798,hist,0
4,3,2227,1802,557,15,0.6157989228007181,0.5176470588235295,0.2027649769585253,0.2913907284768212,0.5630626153490502,0.5883301707779885,0.6325648711189599,logloss,3.66598040069765,0.0561755793396314,3,4,100,-1,binary:logistic,73,0.007065509963103,0.172219252069822,0.7906392891802798,hist,0
4,4,2227,1828,557,8,0.6104129263913824,0.5,0.1428571428571428,0.2222222222222222,0.5383535741204605,0.5314651667118461,0.6325648711189599,logloss,3.66598040069765,0.0561755793396314,3,4,100,-1,binary:logistic,73,0.007065509963103,0.172219252069822,0.7906392891802798,hist,0
4,5,2228,1818,556,17,0.6025179856115108,0.46,0.1059907834101382,0.1722846441947565,0.5174896210948268,0.5613283851936436,0.6325648711189599,logloss,3.66598040069765,0.0561755793396314,3,4,100,-1,binary:logistic,73,0.007065509963103,0.172219252069822,0.7906392891802798,hist,0
5,1,2227,1826,557,24,0.651705565529623,0.5857142857142857,0.3761467889908257,0.4581005586592179,0.6317304457731526,0.6462206706178452,0.6308633956640812,logloss,2.9320580472813984,0.1733623847228064,4,3,100,-1,binary:logistic,73,2.4630874136322493e-05,1.858990580726907,0.8431516394729066,hist,0
5,2,2227,1826,557,3,0.6283662477558348,0.631578947368421,0.1105990783410138,0.188235294117647,0.536650950082685,0.562313635131472,0.6308633956640812,logloss,2.9320580472813984,0.1733623847228064,4,3,100,-1,binary:logistic,73,2.4630874136322493e-05,1.858990580726907,0.8431516394729066,hist,0
5,3,2227,1802,557,15,0.6104129263913824,0.5,0.2764976958525346,0.3560830860534125,0.578662611703116,0.5692328544320955,0.6308633956640812,logloss,2.9320580472813984,0.1733623847228064,4,3,100,-1,binary:logistic,73,2.4630874136322493e-05,1.858990580726907,0.8431516394729066,hist,0
5,4,2227,1828,557,8,0.5870736086175943,0.4380952380952381,0.2119815668202765,0.2857142857142857,0.5444571387120758,0.5192396313364055,0.6308633956640812,logloss,2.9320580472813984,0.1733623847228064,4,3,100,-1,binary:logistic,73,2.4630874136322493e-05,1.858990580726907,0.8431516394729066,hist,0
5,5,2228,1818,556,17,0.5881294964028777,0.4387755102040816,0.1981566820276497,0.273015873015873,0.5410799089711918,0.5615866672104183,0.6308633956640812,logloss,2.9320580472813984,0.1733623847228064,4,3,100,-1,binary:logistic,73,2.4630874136322493e-05,1.858990580726907,0.8431516394729066,hist,0
6,1,2227,1826,557,24,0.6678635547576302,0.5988023952095808,0.4587155963302752,0.5194805194805194,0.6574828485859805,0.672985846120538,0.875394498667847,logloss,3.9650350078750742,0.2654099557555474,6,9,100,-1,binary:logistic,73,0.0020735497997211,4.153281029591246,0.6022222985971283,hist,0
6,2,2227,1826,557,3,0.6157989228007181,0.5148514851485149,0.2396313364055299,0.3270440251572327,0.5737190633451348,0.5965708864190837,0.875394498667847,logloss,3.9650350078750742,0.2654099557555474,6,9,100,-1,binary:logistic,73,0.0020735497997211,4.153281029591246,0.6022222985971283,hist,0
6,3,2227,1802,557,15,0.5745062836624776,0.435064935064935,0.3087557603686636,0.3611859838274933,0.5564185597195381,0.5519449715370018,0.875394498667847,logloss,3.9650350078750742,0.2654099557555474,6,9,100,-1,binary:logistic,73,0.0020735497997211,4.153281029591246,0.6022222985971283,hist,0
6,4,2227,1828,557,8,0.6122082585278277,0.504424778761062,0.2626728110599078,0.3454545454545454,0.5768225618956576,0.5370764434806181,0.875394498667847,logloss,3.9650350078750742,0.2654099557555474,6,9,100,-1,binary:logistic,73,0.0020735497997211,4.153281029591246,0.6022222985971283,hist,0
6,5,2228,1818,556,17,0.5863309352517986,0.4488188976377952,0.2626728110599078,0.3313953488372093,0.5564556712188388,0.5626741704389434,0.875394498667847,logloss,3.9650350078750742,0.2654099557555474,6,9,100,-1,binary:logistic,73,0.0020735497997211,4.153281029591246,0.6022222985971283,hist,0
7,1,2227,1826,557,24,0.6588868940754039,0.6842105263157895,0.2385321100917431,0.3537414965986394,0.6060446423172325,0.6546642851343671,0.8011540601618066,logloss,3.3678250358467423,0.0549393717223349,3,2,100,-1,binary:logistic,73,3.4697700669368306e-06,3.801560527618384,0.97115614980142,hist,0
7,2,2227,1826,557,3,0.6355475763016158,0.71875,0.1059907834101382,0.1847389558232931,0.5391318597831306,0.5738208186500406,0.8011540601618066,logloss,3.3678250358467423,0.0549393717223349,3,2,100,-1,binary:logistic,73,3.4697700669368306e-06,3.801560527618384,0.97115614980142,hist,0
7,3,2227,1802,557,15,0.6014362657091562,0.4666666666666667,0.1612903225806451,0.2397260273972602,0.5389510420591693,0.5883369476822987,0.8011540601618066,logloss,3.3678250358467423,0.0549393717223349,3,2,100,-1,binary:logistic,73,3.4697700669368306e-06,3.801560527618384,0.97115614980142,hist,0
7,4,2227,1828,557,8,0.6068222621184919,0.4705882352941176,0.0737327188940092,0.1274900398406374,0.5051793922727823,0.5341691515315804,0.8011540601618066,logloss,3.3678250358467423,0.0549393717223349,3,2,100,-1,binary:logistic,73,3.4697700669368306e-06,3.801560527618384,0.97115614980142,hist,0
7,5,2228,1818,556,17,0.6115107913669064,0.5128205128205128,0.0921658986175115,0.15625,0.5168420754050964,0.5665008224243165,0.8011540601618066,logloss,3.3678250358467423,0.0549393717223349,3,2,100,-1,binary:logistic,73,3.4697700669368306e-06,3.801560527618384,0.97115614980142,hist,0
8,1,2227,1826,557,24,0.6678635547576302,0.627906976744186,0.3715596330275229,0.4668587896253602,0.6445396641490617,0.654447782198046,0.9524749187597724,logloss,4.948073707755076,0.1472806139687378,3,6,500,-1,binary:logistic,73,2.2181717360182337e-05,0.5133064898511264,0.7734278923554754,hist,0
8,2,2227,1826,557,3,0.6337522441651705,0.6140350877192983,0.1612903225806451,0.2554744525547445,0.5616993314774704,0.5778530767145569,0.9524749187597724,logloss,4.948073707755076,0.1472806139687378,3,6,500,-1,binary:logistic,73,2.2181717360182337e-05,0.5133064898511264,0.7734278923554754,hist,0
8,3,2227,1802,557,15,0.5978456014362658,0.4690265486725664,0.2442396313364055,0.3212121212121212,0.5611493234473486,0.571530224993223,0.9524749187597724,logloss,4.948073707755076,0.1472806139687378,3,6,500,-1,binary:logistic,73,2.2181717360182337e-05,0.5133064898511264,0.7734278923554754,hist,0
8,4,2227,1828,557,8,0.6032315978456014,0.4756097560975609,0.1797235023041474,0.2608695652173913,0.5465213225022784,0.5153971265925725,0.9524749187597724,logloss,4.948073707755076,0.1472806139687378,3,6,500,-1,binary:logistic,73,2.2181717360182337e-05,0.5133064898511264,0.7734278923554754,hist,0
8,5,2228,1818,556,17,0.5755395683453237,0.415929203539823,0.216589861751152,0.2848484848484848,0.5368798846066137,0.5572910294577437,0.9524749187597724,logloss,4.948073707755076,0.1472806139687378,3,6,500,-1,binary:logistic,73,2.2181717360182337e-05,0.5133064898511264,0.7734278923554754,hist,0
9,1,2227,1826,557,24,0.6732495511669659,0.68,0.3119266055045872,0.4276729559748428,0.6368449805229074,0.6658412492219425,0.7104637317944678,logloss,4.5647801168354265,0.0397654956478607,3,6,400,-1,binary:logistic,73,1.231138578118363e-05,0.1133155270476007,0.845564285010995,hist,0
9,2,2227,1826,557,3,0.6337522441651705,0.696969696969697,0.1059907834101382,0.184,0.5379716736485138,0.5773651396042287,0.7104637317944678,logloss,4.5647801168354265,0.0397654956478607,3,6,400,-1,binary:logistic,73,1.231138578118363e-05,0.1133155270476007,0.845564285010995,hist,0
9,3,2227,1802,557,15,0.6157989228007181,0.5176470588235295,0.2027649769585253,0.2913907284768212,0.5630626153490502,0.576524803469775,0.7104637317944678,logloss,4.5647801168354265,0.0397654956478607,3,6,400,-1,binary:logistic,73,1.231138578118363e-05,0.1133155270476007,0.845564285010995,hist,0
9,4,2227,1828,557,8,0.6140035906642729,0.52,0.1198156682027649,0.1947565543071161,0.5313421324923188,0.5430740037950664,0.7104637317944678,logloss,4.5647801168354265,0.0397654956478607,3,6,400,-1,binary:logistic,73,1.231138578118363e-05,0.1133155270476007,0.845564285010995,hist,0
9,5,2228,1818,556,17,0.6007194244604317,0.4545454545454545,0.1152073732718894,0.1838235294117647,0.5203180732724745,0.5737531095795441,0.7104637317944678,logloss,4.5647801168354265,0.0397654956478607,3,6,400,-1,binary:logistic,73,1.231138578118363e-05,0.1133155270476007,0.845564285010995,hist,0
10,1,2227,1826,557,24,0.6606822262118492,0.6629213483146067,0.2706422018348624,0.3843648208469055,0.6165125294434752,0.6638385970609726,0.7057628490872786,logloss,0.1637434041427772,0.0114008801285384,2,9,600,-1,binary:logistic,73,1.1804843117482667e-08,0.3492005833715648,0.6277622585122522,hist,0
10,2,2227,1826,557,3,0.6427289048473968,0.640625,0.1889400921658986,0.2918149466192171,0.5782753206830372,0.5913255624830578,0.7057628490872786,logloss,0.1637434041427772,0.0114008801285384,2,9,600,-1,binary:logistic,73,1.1804843117482667e-08,0.3492005833715648,0.6277622585122522,hist,0
10,3,2227,1802,557,15,0.6283662477558348,0.5625,0.2073732718894009,0.303030303030303,0.5738117502926795,0.5725535375440498,0.7057628490872786,logloss,0.1637434041427772,0.0114008801285384,2,9,600,-1,binary:logistic,73,1.1804843117482667e-08,0.3492005833715648,0.6277622585122522,hist,0
10,4,2227,1828,557,8,0.6086175942549371,0.4925373134328358,0.152073732718894,0.2323943661971831,0.5406254446059454,0.5380184331797235,0.7057628490872786,logloss,0.1637434041427772,0.0114008801285384,2,9,600,-1,binary:logistic,73,1.1804843117482667e-08,0.3492005833715648,0.6277622585122522,hist,0
10,5,2228,1818,556,17,0.60431654676259,0.4693877551020408,0.1059907834101382,0.1729323308270676,0.5186515960803585,0.567472778434811,0.7057628490872786,logloss,0.1637434041427772,0.0114008801285384,2,9,600,-1,binary:logistic,73,1.1804843117482667e-08,0.3492005833715648,0.6277622585122522,hist,0
11,1,2227,1826,557,24,0.6427289048473968,0.5497382198952879,0.481651376146789,0.5134474327628362,0.63777769953352,0.6527563530080378,0.8799461688611904,logloss,1.72264354799537,0.2427731844527083,7,10,600,-1,binary:logistic,73,0.8182485233120627,8.889712341196999,0.6006472787393548,hist,0
11,2,2227,1826,557,3,0.59245960502693,0.4583333333333333,0.2534562211981567,0.3264094955489614,0.5592461421963469,0.5743765248034698,0.8799461688611904,logloss,1.72264354799537,0.2427731844527083,7,10,600,-1,binary:logistic,73,0.8182485233120627,8.889712341196999,0.6006472787393548,hist,0
11,3,2227,1802,557,15,0.5583482944344704,0.4207650273224044,0.3548387096774194,0.385,0.5500936137471146,0.5368528056383843,0.8799461688611904,logloss,1.72264354799537,0.2427731844527083,7,10,600,-1,binary:logistic,73,0.8182485233120627,8.889712341196999,0.6006472787393548,hist,0
11,4,2227,1828,557,8,0.5547576301615799,0.406060606060606,0.3087557603686636,0.3507853403141361,0.5402677953636741,0.4962184873949579,0.8799461688611904,logloss,1.72264354799537,0.2427731844527083,7,10,600,-1,binary:logistic,73,0.8182485233120627,8.889712341196999,0.6006472787393548,hist,0
11,5,2228,1818,556,17,0.5683453237410072,0.4248366013071895,0.2995391705069124,0.3513513513513513,0.5496288625106326,0.5203702948493129,0.8799461688611904,logloss,1.72264354799537,0.2427731844527083,7,10,600,-1,binary:logistic,73,0.8182485233120627,8.889712341196999,0.6006472787393548,hist,0
12,1,2227,1826,557,24,0.6337522441651705,0.5380434782608695,0.4541284403669725,0.4925373134328358,0.6270088345515478,0.6589537495602285,0.867492175668823,logloss,1.6816961735461566,0.1243808490553333,7,10,600,-1,binary:logistic,73,0.2294181741683001,0.6147615546126064,0.6826800205336332,hist,0
12,2,2227,1826,557,3,0.5888689407540395,0.4538461538461538,0.271889400921659,0.3400576368876081,0.560646537316778,0.5763689346706424,0.867492175668823,logloss,1.6816961735461566,0.1243808490553333,7,10,600,-1,binary:logistic,73,0.2294181741683001,0.6147615546126064,0.6826800205336332,hist,0
12,3,2227,1802,557,15,0.5619389587073609,0.425414364640884,0.3548387096774194,0.3869346733668342,0.5531398605617477,0.5570615342911358,0.867492175668823,logloss,1.6816961735461566,0.1243808490553333,7,10,600,-1,binary:logistic,73,0.2294181741683001,0.6147615546126064,0.6826800205336332,hist,0
12,4,2227,1828,557,8,0.5637342908438061,0.4244186046511627,0.336405529953917,0.3753213367609254,0.5520396936938341,0.5139333152615886,0.867492175668823,logloss,1.6816961735461566,0.1243808490553333,7,10,600,-1,binary:logistic,73,0.2294181741683001,0.6147615546126064,0.6826800205336332,hist,0
12,5,2228,1818,556,17,0.552158273381295,0.4012345679012346,0.2995391705069124,0.3430079155672823,0.5364648631769693,0.5242309313105773,0.867492175668823,logloss,1.6816961735461566,0.1243808490553333,7,10,600,-1,binary:logistic,73,0.2294181741683001,0.6147615546126064,0.6826800205336332,hist,0
13,1,2227,1826,557,24,0.63016157989228,0.5306122448979592,0.4770642201834862,0.5024154589371981,0.6261467018051203,0.6532434846147601,0.7433002825364808,logloss,0.2046414774686742,0.1153929669872856,8,7,500,-1,binary:logistic,73,0.4663520787776994,0.5865886146889308,0.6874381389855947,hist,0
13,2,2227,1826,557,3,0.5565529622980251,0.421875,0.3732718894009216,0.3960880195599022,0.5508627161016378,0.5550149091894823,0.7433002825364808,logloss,0.2046414774686742,0.1153929669872856,8,7,500,-1,binary:logistic,73,0.4663520787776994,0.5865886146889308,0.6874381389855947,hist,0
13,3,2227,1802,557,15,0.5691202872531418,0.4416243654822335,0.4009216589861751,0.4202898550724637,0.5648679891908368,0.550121984277582,0.7433002825364808,logloss,0.2046414774686742,0.1153929669872856,8,7,500,-1,binary:logistic,73,0.4663520787776994,0.5865886146889308,0.6874381389855947,hist,0
13,4,2227,1828,557,8,0.533213644524237,0.3680981595092024,0.2764976958525346,0.3157894736842105,0.5172178608384584,0.485551640010843,0.7433002825364808,logloss,0.2046414774686742,0.1153929669872856,8,7,500,-1,binary:logistic,73,0.4663520787776994,0.5865886146889308,0.6874381389855947,hist,0
13,5,2228,1818,556,17,0.5737410071942446,0.4375,0.3225806451612903,0.3713527851458886,0.5580455940558007,0.5335698652855376,0.7433002825364808,logloss,0.2046414774686742,0.1153929669872856,8,7,500,-1,binary:logistic,73,0.4663520787776994,0.5865886146889308,0.6874381389855947,hist,0
14,1,2227,1826,557,24,0.6427289048473968,0.5519125683060109,0.463302752293578,0.5037406483790524,0.6359061994106618,0.6554491082785311,0.6998465161822723,logloss,0.0546248705468432,0.0945562308426612,8,7,500,-1,binary:logistic,73,1.788313908042479e-07,0.2554156720109515,0.6806990330851235,hist,0
14,2,2227,1826,557,3,0.5637342908438061,0.4362745098039216,0.4101382488479262,0.4228028503562945,0.5610905553079653,0.5597316345893196,0.6998465161822723,logloss,0.0546248705468432,0.0945562308426612,8,7,500,-1,binary:logistic,73,1.788313908042479e-07,0.2554156720109515,0.6806990330851235,hist,0
14,3,2227,1802,557,15,0.5763016157989228,0.4512820512820513,0.4055299539170507,0.4271844660194174,0.5716284287687958,0.5510707508809976,0.6998465161822723,logloss,0.0546248705468432,0.0945562308426612,8,7,500,-1,binary:logistic,73,1.788313908042479e-07,0.2554156720109515,0.6806990330851235,hist,0
14,4,2227,1828,557,8,0.5439856373429084,0.3836477987421384,0.2811059907834101,0.324468085106383,0.5267335803920704,0.5039577121171049,0.6998465161822723,logloss,0.0546248705468432,0.0945562308426612,8,7,500,-1,binary:logistic,73,1.788313908042479e-07,0.2554156720109515,0.6806990330851235,hist,0
14,5,2228,1818,556,17,0.5737410071942446,0.435064935064935,0.3087557603686636,0.3611859838274933,0.5556695274748042,0.5327270502834305,0.6998465161822723,logloss,0.0546248705468432,0.0945562308426612,8,7,500,-1,binary:logistic,73,1.788313908042479e-07,0.2554156720109515,0.6806990330851235,hist,0
15,1,2227,1826,557,24,0.6660682226211849,0.5941176470588235,0.463302752293578,0.520618556701031,0.6564517157834888,0.6658412492219427,0.6718463666290666,logloss,0.7906441705994963,0.0280814601660477,6,7,500,-1,binary:logistic,73,7.821316028674164e-08,0.2400924738089525,0.6563740089733123,hist,0
15,2,2227,1826,557,3,0.6014362657091562,0.4825174825174825,0.3179723502304147,0.3833333333333333,0.5800309381285053,0.5770330712930333,0.6718463666290666,logloss,0.7906441705994963,0.0280814601660477,6,7,500,-1,binary:logistic,73,7.821316028674164e-08,0.2400924738089525,0.6563740089733123,hist,0
15,3,2227,1802,557,15,0.578096947935368,0.4451219512195122,0.336405529953917,0.3832020997375328,0.5640049602757702,0.5651531580374085,0.6718463666290666,logloss,0.7906441705994963,0.0280814601660477,6,7,500,-1,binary:logistic,73,7.821316028674164e-08,0.2400924738089525,0.6563740089733123,hist,0
15,4,2227,1828,557,8,0.5547576301615799,0.3973509933774834,0.2764976958525346,0.3260869565217391,0.5345267126545699,0.5035510978584983,0.6718463666290666,logloss,0.7906441705994963,0.0280814601660477,6,7,500,-1,binary:logistic,73,7.821316028674164e-08,0.2400924738089525,0.6563740089733123,hist,0
15,5,2228,1818,556,17,0.5737410071942446,0.427536231884058,0.271889400921659,0.3323943661971831,0.5485542375261233,0.5454916194282452,0.6718463666290666,logloss,0.7906441705994963,0.0280814601660477,6,7,500,-1,binary:logistic,73,7.821316028674164e-08,0.2400924738089525,0.6563740089733123,hist,0
16,1,2227,1826,557,24,0.6570915619389587,0.5838509316770186,0.4311926605504587,0.496042216358839,0.6446020208531534,0.6553137939433303,0.601528196837165,logloss,0.7742146395937552,0.0249978944930409,5,5,500,-1,binary:logistic,73,4.014631024026706e-07,0.107946013330061,0.7307076882321467,hist,0
16,2,2227,1826,557,3,0.6140035906642729,0.5094339622641509,0.2488479262672811,0.3343653250773993,0.5747623169852046,0.565973163458932,0.601528196837165,logloss,0.7742146395937552,0.0249978944930409,5,5,500,-1,binary:logistic,73,4.014631024026706e-07,0.107946013330061,0.7307076882321467,hist,0
16,3,2227,1802,557,15,0.5960502692998204,0.4726027397260274,0.3179723502304147,0.3801652892561983,0.5756403710533529,0.5715641095147735,0.601528196837165,logloss,0.7742146395937552,0.0249978944930409,5,5,500,-1,binary:logistic,73,4.014631024026706e-07,0.107946013330061,0.7307076882321467,hist,0
16,4,2227,1828,557,8,0.5439856373429084,0.3741496598639456,0.2534562211981567,0.3021978021978022,0.5214187727293651,0.5138926538357278,0.601528196837165,logloss,0.7742146395937552,0.0249978944930409,5,5,500,-1,binary:logistic,73,4.014631024026706e-07,0.107946013330061,0.7307076882321467,hist,0
16,5,2228,1818,556,17,0.5755395683453237,0.4201680672268907,0.2304147465437788,0.2976190476190476,0.5404413582536033,0.5619672933404021,0.601528196837165,logloss,0.7742146395937552,0.0249978944930409,5,5,500,-1,binary:logistic,73,4.014631024026706e-07,0.107946013330061,0.7307076882321467,hist,0
17,1,2227,1826,557,24,0.6660682226211849,0.6126760563380281,0.3990825688073394,0.4833333333333333,0.647649321313656,0.6540689020594842,0.6680044594904417,logloss,2.269042809240669,0.0905343873414419,2,8,300,-1,binary:logistic,73,2.136308391342997e-07,0.2700361160992311,0.7452401166031214,hist,0
17,2,2227,1826,557,3,0.6265709156193896,0.5542168674698795,0.2119815668202765,0.3066666666666666,0.5739085453986711,0.5784087828679859,0.6680044594904417,logloss,2.269042809240669,0.0905343873414419,2,8,300,-1,binary:logistic,73,2.136308391342997e-07,0.2700361160992311,0.7452401166031214,hist,0
17,3,2227,1802,557,15,0.5906642728904847,0.4580152671755725,0.2764976958525346,0.3448275862068966,0.5630638093724839,0.5764028191921929,0.6680044594904417,logloss,2.269042809240669,0.0905343873414419,2,8,300,-1,binary:logistic,73,2.136308391342997e-07,0.2700361160992311,0.7452401166031214,hist,0
17,4,2227,1828,557,8,0.5888689407540395,0.4473684210526316,0.2350230414746544,0.3081570996978852,0.5519426066176616,0.5281241528869612,0.6680044594904417,logloss,2.269042809240669,0.0905343873414419,2,8,300,-1,binary:logistic,73,2.136308391342997e-07,0.2700361160992311,0.7452401166031214,hist,0
17,5,2228,1818,556,17,0.5755395683453237,0.4144144144144144,0.2119815668202765,0.2804878048780488,0.5356473656316361,0.5466606853989098,0.6680044594904417,logloss,2.269042809240669,0.0905343873414419,2,8,300,-1,binary:logistic,73,2.136308391342997e-07,0.2700361160992311,0.7452401166031214,hist,0
18,1,2227,1826,557,24,0.6319569120287253,0.5355191256830601,0.4495412844036697,0.4887780548628428,0.62492849688033,0.6491840545587398,0.7570530532554127,logloss,0.0994437528954474,0.182881263375972,6,5,400,-1,binary:logistic,73,2.2487352178613333e-08,1.183348379905889,0.6492179357813326,hist,0
18,2,2227,1826,557,3,0.5601436265709157,0.4320388349514563,0.4101382488479262,0.4208037825059101,0.5579254814410819,0.5585931146652209,0.7570530532554127,logloss,0.0994437528954474,0.182881263375972,6,5,400,-1,binary:logistic,73,2.2487352178613333e-08,1.183348379905889,0.6492179357813326,hist,0
18,3,2227,1802,557,15,0.5583482944344704,0.4256410256410256,0.3824884792626728,0.4029126213592233,0.5534770910047618,0.5183383030631608,0.7570530532554127,logloss,0.0994437528954474,0.182881263375972,6,5,400,-1,binary:logistic,73,2.2487352178613333e-08,1.183348379905889,0.6492179357813326,hist,0
18,4,2227,1828,557,8,0.4883303411131059,0.3131868131868132,0.2626728110599078,0.2857142857142857,0.4784120726670098,0.4678503659528327,0.7570530532554127,logloss,0.0994437528954474,0.182881263375972,6,5,400,-1,binary:logistic,73,2.2487352178613333e-08,1.183348379905889,0.6492179357813326,hist,0
18,5,2228,1818,556,17,0.5413669064748201,0.382716049382716,0.2857142857142857,0.3271767810026385,0.5252953418077396,0.527928442287563,0.7570530532554127,logloss,0.0994437528954474,0.182881263375972,6,5,400,-1,binary:logistic,73,2.2487352178613333e-08,1.183348379905889,0.6492179357813326,hist,0
19,1,2227,1826,557,24,0.6696588868940754,0.6103896103896104,0.4311926605504587,0.5053763440860215,0.6554889640642703,0.6756921328245515,0.6687299442852588,logloss,0.7038077078892646,0.0124292575729766,7,7,600,-1,binary:logistic,73,1.2811892906678618e-06,0.1973391774752124,0.7386519450800785,hist,0
19,2,2227,1826,557,3,0.6014362657091562,0.4803149606299212,0.2811059907834101,0.3546511627906977,0.5725912536797261,0.5756776904310111,0.6687299442852588,logloss,0.7038077078892646,0.0124292575729766,7,7,600,-1,binary:logistic,73,1.2811892906678618e-06,0.1973391774752124,0.7386519450800785,hist,0
19,3,2227,1802,557,15,0.59245960502693,0.4652777777777778,0.3087557603686636,0.371191135734072,0.571008611323904,0.5720249390078612,0.6687299442852588,logloss,0.7038077078892646,0.0124292575729766,7,7,600,-1,binary:logistic,73,1.2811892906678618e-06,0.1973391774752124,0.7386519450800785,hist,0
19,4,2227,1828,557,8,0.578096947935368,0.4357142857142857,0.2811059907834101,0.3417366946778711,0.5540550199289913,0.5189346706424506,0.6687299442852588,logloss,0.7038077078892646,0.0124292575729766,7,7,600,-1,binary:logistic,73,1.2811892906678618e-06,0.1973391774752124,0.7386519450800785,hist,0
19,5,2228,1818,556,17,0.5575539568345323,0.3801652892561983,0.2119815668202765,0.272189349112426,0.522159896962023,0.5470005301578239,0.6687299442852588,logloss,0.7038077078892646,0.0124292575729766,7,7,600,-1,binary:logistic,73,1.2811892906678618e-06,0.1973391774752124,0.7386519450800785,hist,0
20,1,2227,1826,557,24,0.644524236983842,0.5574712643678161,0.4449541284403669,0.4948979591836734,0.635405738059732,0.6515520554247517,0.6048237474042139,logloss,1.497988714150453,0.0933089144466429,4,8,500,-1,binary:logistic,73,0.000124736561472,0.3493317068244848,0.7060034739708079,hist,0
20,2,2227,1826,557,3,0.6032315978456014,0.4807692307692308,0.2304147465437788,0.3115264797507788,0.5616645381423039,0.5731905665492003,0.6048237474042139,logloss,1.497988714150453,0.0933089144466429,4,8,500,-1,binary:logistic,73,0.000124736561472,0.3493317068244848,0.7060034739708079,hist,0
20,3,2227,1802,557,15,0.5565529622980251,0.4157303370786517,0.3410138248847926,0.3746835443037974,0.5466880008212868,0.5509487666034155,0.6048237474042139,logloss,1.497988714150453,0.0933089144466429,4,8,500,-1,binary:logistic,73,0.000124736561472,0.3493317068244848,0.7060034739708079,hist,0
20,4,2227,1828,557,8,0.5493716337522442,0.3866666666666666,0.2672811059907834,0.3160762942779291,0.5284468844285773,0.4968284087828679,0.6048237474042139,logloss,1.497988714150453,0.0933089144466429,4,8,500,-1,binary:logistic,73,0.000124736561472,0.3493317068244848,0.7060034739708079,hist,0
20,5,2228,1818,556,17,0.5773381294964028,0.4391891891891892,0.2995391705069124,0.3561643835616438,0.5569084260566459,0.533270801897693,0.6048237474042139,logloss,1.497988714150453,0.0933089144466429,4,8,500,-1,binary:logistic,73,0.000124736561472,0.3493317068244848,0.7060034739708079,hist,0
21,1,2227,1826,557,24,0.6409335727109515,0.5494505494505495,0.4587155963302752,0.5,0.6338276782885506,0.6583718979188655,0.742249345421823,logloss,0.0133244640832353,0.1169513882507317,8,7,500,-1,binary:logistic,73,0.0201118435489907,0.7780196215518866,0.6623291806356444,hist,0
21,2,2227,1826,557,3,0.5709156193895871,0.445,0.4101382488479262,0.4268585131894484,0.5674020314334861,0.5553130929791271,0.742249345421823,logloss,0.0133244640832353,0.1169513882507317,8,7,500,-1,binary:logistic,73,0.0201118435489907,0.7780196215518866,0.6623291806356444,hist,0
21,3,2227,1802,557,15,0.5745062836624776,0.4468085106382978,0.3870967741935484,0.4148148148148148,0.5679744746404998,0.5350908105177554,0.742249345421823,logloss,0.0133244640832353,0.1169513882507317,8,7,500,-1,binary:logistic,73,0.0201118435489907,0.7780196215518866,0.6623291806356444,hist,0
21,4,2227,1828,557,8,0.5368043087971275,0.3879781420765027,0.3271889400921659,0.355,0.528146960759169,0.4997695852534562,0.742249345421823,logloss,0.0133244640832353,0.1169513882507317,8,7,500,-1,binary:logistic,73,0.0201118435489907,0.7780196215518866,0.6623291806356444,hist,0
21,5,2228,1818,556,17,0.5773381294964028,0.4444444444444444,0.3317972350230415,0.3799472295514511,0.5625270797051719,0.5234153038891834,0.742249345421823,logloss,0.0133244640832353,0.1169513882507317,8,7,500,-1,binary:logistic,73,0.0201118435489907,0.7780196215518866,0.6623291806356444,hist,0
22,1,2227,1826,557,24,0.6714542190305206,0.5977653631284916,0.4908256880733945,0.5390428211586902,0.6642519254224294,0.6521609699331548,0.7614100219449179,logloss,0.5112953226141601,0.2003027618685337,8,6,600,-1,binary:logistic,73,0.0308667916160931,1.0373236420038316,0.6479797979855698,hist,0
22,2,2227,1826,557,3,0.5368043087971275,0.4037558685446009,0.3963133640552995,0.4,0.5360042835994835,0.5505285985361886,0.7614100219449179,logloss,0.5112953226141601,0.2003027618685337,8,6,600,-1,binary:logistic,73,0.0308667916160931,1.0373236420038316,0.6479797979855698,hist,0
22,3,2227,1802,557,15,0.5493716337522442,0.419047619047619,0.4055299539170507,0.4121779859484777,0.5479737363219291,0.5328273244781783,0.7614100219449179,logloss,0.5112953226141601,0.2003027618685337,8,6,600,-1,binary:logistic,73,0.0308667916160931,1.0373236420038316,0.6479797979855698,hist,0
22,4,2227,1828,557,8,0.5152603231597845,0.3535911602209944,0.2949308755760368,0.321608040201005,0.5055236161953766,0.4826240173488751,0.7614100219449179,logloss,0.5112953226141601,0.2003027618685337,8,6,600,-1,binary:logistic,73,0.0308667916160931,1.0373236420038316,0.6479797979855698,hist,0
22,5,2228,1818,556,17,0.5575539568345323,0.4161849710982659,0.3317972350230415,0.3692307692307692,0.5460771974791785,0.5273846906733004,0.7614100219449179,logloss,0.5112953226141601,0.2003027618685337,8,6,600,-1,binary:logistic,73,0.0308667916160931,1.0373236420038316,0.6479797979855698,hist,0
23,1,2227,1826,557,24,0.6247755834829444,0.5235602094240838,0.4587155963302752,0.4889975550122249,0.6195755738819381,0.6539877134583637,0.7969386772919858,logloss,0.6736821816273647,0.1686688713454647,8,8,400,-1,binary:logistic,73,0.0369685115192016,0.957262351656212,0.6605102547760232,hist,0
23,2,2227,1826,557,3,0.5673249551166966,0.4387755102040816,0.3963133640552995,0.4164648910411622,0.5628056094025935,0.5558620222282462,0.7969386772919858,logloss,0.6736821816273647,0.1686688713454647,8,8,400,-1,binary:logistic,73,0.0369685115192016,0.957262351656212,0.6605102547760232,hist,0
23,3,2227,1802,557,15,0.5601436265709157,0.4213483146067415,0.3456221198156682,0.379746835443038,0.5503585433247581,0.5343182434264029,0.7969386772919858,logloss,0.6736821816273647,0.1686688713454647,8,8,400,-1,binary:logistic,73,0.0369685115192016,0.957262351656212,0.6605102547760232,hist,0
23,4,2227,1828,557,8,0.5098743267504489,0.3444444444444444,0.2857142857142857,0.3123425692695214,0.4996809166712377,0.486527514231499,0.7969386772919858,logloss,0.6736821816273647,0.1686688713454647,8,8,400,-1,binary:logistic,73,0.0369685115192016,0.957262351656212,0.6605102547760232,hist,0
23,5,2228,1818,556,17,0.5539568345323741,0.4037267080745341,0.2995391705069124,0.3439153439153439,0.5379318706705843,0.5113847994236234,0.7969386772919858,logloss,0.6736821816273647,0.1686688713454647,8,8,400,-1,binary:logistic,73,0.0369685115192016,0.957262351656212,0.6605102547760232,hist,0
24,1,2227,1826,557,24,0.6606822262118492,0.5819209039548022,0.4724770642201835,0.5215189873417722,0.6527466312276028,0.666125409325864,0.7469445516186171,logloss,1.064522189080184,0.0756559978094011,8,5,500,-1,binary:logistic,73,0.0553235722379027,0.897436923591153,0.6464171198039088,hist,0
24,2,2227,1826,557,3,0.5816876122082585,0.4545454545454545,0.3686635944700461,0.4071246819338422,0.571761010070601,0.5768839793982108,0.7469445516186171,logloss,1.064522189080184,0.0756559978094011,8,5,500,-1,binary:logistic,73,0.0553235722379027,0.897436923591153,0.6464171198039088,hist,0
24,3,2227,1802,557,15,0.5816876122082585,0.4540229885057471,0.3640552995391705,0.4040920716112532,0.5711252218269706,0.54695039306045,0.7469445516186171,logloss,1.064522189080184,0.0756559978094011,8,5,500,-1,binary:logistic,73,0.0553235722379027,0.897436923591153,0.6464171198039088,hist,0
24,4,2227,1828,557,8,0.5242369838420108,0.3554216867469879,0.271889400921659,0.3080939947780678,0.509157240418945,0.5006234751965303,0.7469445516186171,logloss,1.064522189080184,0.0756559978094011,8,5,500,-1,binary:logistic,73,0.0553235722379027,0.897436923591153,0.6464171198039088,hist,0
24,5,2228,1818,556,17,0.564748201438849,0.4183006535947712,0.2949308755760368,0.3459459459459459,0.5458757696982212,0.5311637643924255,0.7469445516186171,logloss,1.064522189080184,0.0756559978094011,8,5,500,-1,binary:logistic,73,0.0553235722379027,0.897436923591153,0.6464171198039088,hist,0
25,1,2227,1826,557,24,0.6427289048473968,0.5555555555555556,0.4357798165137614,0.4884318766066838,0.6327262009476541,0.6559835999025736,0.7140543599834803,logloss,2.0822068014531268,0.1289058657890913,7,7,300,-1,binary:logistic,73,0.0109017021379721,2.0643541597938317,0.715686372059301,hist,0
25,2,2227,1826,557,3,0.6032315978456014,0.4814814814814814,0.2396313364055299,0.32,0.5641032782446248,0.5767416644076986,0.7140543599834803,logloss,2.0822068014531268,0.1289058657890913,7,7,300,-1,binary:logistic,73,0.0109017021379721,2.0643541597938317,0.715686372059301,hist,0
25,3,2227,1802,557,15,0.5834829443447038,0.453416149068323,0.336405529953917,0.3862433862433862,0.5684755866630817,0.5730279208457576,0.7140543599834803,logloss,2.0822068014531268,0.1289058657890913,7,7,300,-1,binary:logistic,73,0.0109017021379721,2.0643541597938317,0.715686372059301,hist,0
25,4,2227,1828,557,8,0.5529622980251346,0.3857142857142857,0.2488479262672811,0.3025210084033613,0.5274880849460375,0.5155733261046355,0.7140543599834803,logloss,2.0822068014531268,0.1289058657890913,7,7,300,-1,binary:logistic,73,0.0109017021379721,2.0643541597938317,0.715686372059301,hist,0
25,5,2228,1818,556,17,0.591726618705036,0.4679487179487179,0.336405529953917,0.3914209115281501,0.5751925887486218,0.5406386362709514,0.7140543599834803,logloss,2.0822068014531268,0.1289058657890913,7,7,300,-1,binary:logistic,73,0.0109017021379721,2.0643541597938317,0.715686372059301,hist,0
26,1,2227,1826,557,24,0.6355475763016158,0.5433526011560693,0.4311926605504587,0.4808184143222506,0.6259171305352652,0.6353278666341913,0.8325897305242593,logloss,0.5056225695983,0.2023916644463066,8,4,600,-1,binary:logistic,73,0.0765178062447782,0.7390492706763843,0.7644536040262364,hist,0
26,2,2227,1826,557,3,0.5403949730700179,0.3979057591623036,0.3502304147465437,0.3725490196078431,0.5342136773334506,0.5410612632149634,0.8325897305242593,logloss,0.5056225695983,0.2023916644463066,8,4,600,-1,binary:logistic,73,0.0765178062447782,0.7390492706763843,0.7644536040262364,hist,0
26,3,2227,1802,557,15,0.5655296229802513,0.4358974358974359,0.391705069124424,0.4126213592233009,0.5607376261103754,0.5419625914882081,0.8325897305242593,logloss,0.5056225695983,0.2023916644463066,8,4,600,-1,binary:logistic,73,0.0765178062447782,0.7390492706763843,0.7644536040262364,hist,0
26,4,2227,1828,557,8,0.5242369838420108,0.3571428571428571,0.2764976958525346,0.3116883116883117,0.5099504475792793,0.4873678503659528,0.8325897305242593,logloss,0.5056225695983,0.2023916644463066,8,4,600,-1,binary:logistic,73,0.0765178062447782,0.7390492706763843,0.7644536040262364,hist,0
26,5,2228,1818,556,17,0.5737410071942446,0.4375,0.3225806451612903,0.3713527851458886,0.5580455940558007,0.5413727009502058,0.8325897305242593,logloss,0.5056225695983,0.2023916644463066,8,4,600,-1,binary:logistic,73,0.0765178062447782,0.7390492706763843,0.7644536040262364,hist,0
27,1,2227,1826,557,24,0.6193895870736086,0.5154639175257731,0.4587155963302752,0.4854368932038835,0.6148100077960111,0.6422965548970258,0.7604884285210634,logloss,1.1311357411516163,0.103813336713367,7,9,500,-1,binary:logistic,73,0.007838765460084,0.4185092656176364,0.6695387397758396,hist,0
27,2,2227,1826,557,3,0.5816876122082585,0.4506172839506173,0.336405529953917,0.3852242744063324,0.5669862740053933,0.5618053673082136,0.7604884285210634,logloss,1.1311357411516163,0.103813336713367,7,9,500,-1,binary:logistic,73,0.007838765460084,0.4185092656176364,0.6695387397758396,hist,0
27,3,2227,1802,557,15,0.5709156193895871,0.4395604395604395,0.3686635944700461,0.4010025062656641,0.5625981942716327,0.559568988885877,0.7604884285210634,logloss,1.1311357411516163,0.103813336713367,7,9,500,-1,binary:logistic,73,0.007838765460084,0.4185092656176364,0.6695387397758396,hist,0
27,4,2227,1828,557,8,0.5206463195691203,0.3475609756097561,0.2626728110599078,0.2992125984251969,0.5046354229516197,0.4870154513418271,0.7604884285210634,logloss,1.1311357411516163,0.103813336713367,7,9,500,-1,binary:logistic,73,0.007838765460084,0.4185092656176364,0.6695387397758396,hist,0
27,5,2228,1818,556,17,0.5431654676258992,0.3892215568862275,0.2995391705069124,0.3385416666666667,0.5291116351424355,0.5142259016081454,0.7604884285210634,logloss,1.1311357411516163,0.103813336713367,7,9,500,-1,binary:logistic,73,0.007838765460084,0.4185092656176364,0.6695387397758396,hist,0
28,1,2227,1826,557,24,0.6337522441651705,0.5416666666666666,0.4174311926605504,0.4715025906735751,0.6226087240077808,0.6446239614624774,0.6984558380724571,logloss,0.415904642159807,0.0783688367019105,8,6,400,-1,binary:logistic,73,0.0001451201301484,1.2322004082375566,0.8159998205707657,hist,0
28,2,2227,1826,557,3,0.5547576301615799,0.4153005464480874,0.3502304147465437,0.38,0.5464358382491237,0.5542152344808892,0.6984558380724571,logloss,0.415904642159807,0.0783688367019105,8,6,400,-1,binary:logistic,73,0.0001451201301484,1.2322004082375566,0.8159998205707657,hist,0
28,3,2227,1802,557,15,0.5565529622980251,0.4175824175824176,0.3502304147465437,0.3809523809523809,0.5479571296447419,0.5504201680672268,0.6984558380724571,logloss,0.415904642159807,0.0783688367019105,8,6,400,-1,binary:logistic,73,0.0001451201301484,1.2322004082375566,0.8159998205707657,hist,0
28,4,2227,1828,557,8,0.5170556552962298,0.3488372093023256,0.2764976958525346,0.3084832904884318,0.5041097843771251,0.4878693412849011,0.6984558380724571,logloss,0.415904642159807,0.0783688367019105,8,6,400,-1,binary:logistic,73,0.0001451201301484,1.2322004082375566,0.8159998205707657,hist,0
28,5,2228,1818,556,17,0.5737410071942446,0.4342105263157895,0.304147465437788,0.3577235772357723,0.5548431162826689,0.5353642456126042,0.6984558380724571,logloss,0.415904642159807,0.0783688367019105,8,6,400,-1,binary:logistic,73,0.0001451201301484,1.2322004082375566,0.8159998205707657,hist,0
29,1,2227,1826,557,24,0.6678635547576302,0.609271523178808,0.4220183486238532,0.4986449864498645,0.6526452405608243,0.6663554436957051,0.7946496815330876,logloss,1.3770373015026105,0.0443489859760775,6,4,400,-1,binary:logistic,73,0.0006350967992383,2.48900600517822,0.8907297569367307,hist,0
29,2,2227,1826,557,3,0.6193895870736086,0.5301204819277109,0.2027649769585253,0.2933333333333333,0.56571447896403,0.5850501490918948,0.7946496815330876,logloss,1.3770373015026105,0.0443489859760775,6,4,400,-1,binary:logistic,73,0.0006350967992383,2.48900600517822,0.8907297569367307,hist,0
29,3,2227,1802,557,15,0.6122082585278277,0.5035971223021583,0.3225806451612903,0.3932584269662921,0.5896778009265087,0.5726619680130116,0.7946496815330876,logloss,1.3770373015026105,0.0443489859760775,6,4,400,-1,binary:logistic,73,0.0006350967992383,2.48900600517822,0.8907297569367307,hist,0
29,4,2227,1828,557,8,0.5691202872531418,0.4108527131782946,0.2442396313364055,0.3063583815028902,0.5390121522192588,0.5016806722689076,0.7946496815330876,logloss,1.3770373015026105,0.0443489859760775,6,4,400,-1,binary:logistic,73,0.0006350967992383,2.48900600517822,0.8907297569367307,hist,0
29,5,2228,1818,556,17,0.579136690647482,0.4360902255639097,0.2672811059907834,0.3314285714285714,0.5518302838044524,0.5667115261748433,0.7946496815330876,logloss,1.3770373015026105,0.0443489859760775,6,4,400,-1,binary:logistic,73,0.0006350967992383,2.48900600517822,0.8907297569367307,hist,0
30,1,2227,1826,557,24,0.6499102333931778,0.5642458100558659,0.463302752293578,0.5088161209068011,0.642235658237015,0.6553408568103705,0.7733167363132734,logloss,0.9612256407596028,0.1350300265030876,7,8,600,-1,binary:logistic,73,0.0029915917288191,2.7656020658403486,0.637354799008003,hist,0
30,2,2227,1826,557,3,0.5816876122082585,0.4523809523809524,0.3502304147465437,0.3948051948051948,0.5691262425885738,0.5652548116020601,0.7733167363132734,logloss,0.9612256407596028,0.1350300265030876,7,8,600,-1,binary:logistic,73,0.0029915917288191,2.7656020658403486,0.637354799008003,hist,0
30,3,2227,1802,557,15,0.5727109515260324,0.4432432432432432,0.3778801843317972,0.4079601990049751,0.5653064233228388,0.5521550555706154,0.7733167363132734,logloss,0.9612256407596028,0.1350300265030876,7,8,600,-1,binary:logistic,73,0.0029915917288191,2.7656020658403486,0.637354799008003,hist,0
30,4,2227,1828,557,8,0.5314183123877917,0.3764044943820224,0.3087557603686636,0.3392405063291139,0.5209942032969872,0.4835727839522906,0.7733167363132734,logloss,0.9612256407596028,0.1350300265030876,7,8,600,-1,binary:logistic,73,0.0029915917288191,2.7656020658403486,0.637354799008003,hist,0
30,5,2228,1818,556,17,0.579136690647482,0.4465408805031446,0.3271889400921659,0.3776595744680851,0.5632594179050838,0.5242581188912905,0.7733167363132734,logloss,0.9612256407596028,0.1350300265030876,7,8,600,-1,binary:logistic,73,0.0029915917288191,2.7656020658403486,0.637354799008003,hist,0
31,1,2227,1826,557,24,0.6319569120287253,0.5333333333333333,0.4770642201834862,0.5036319612590799,0.6277465356126029,0.6612134989580796,0.7357048282337988,logloss,0.0315399583563651,0.1462413505066943,7,8,600,-1,binary:logistic,73,0.0023275163518497,2.971822996113341,0.6358800405250042,hist,0
31,2,2227,1826,557,3,0.5727109515260324,0.4444444444444444,0.3870967741935484,0.4137931034482758,0.5664260648788895,0.5577527785307671,0.7357048282337988,logloss,0.0315399583563651,0.1462413505066943,7,8,600,-1,binary:logistic,73,0.0023275163518497,2.971822996113341,0.6358800405250042,hist,0
31,3,2227,1802,557,15,0.5565529622980251,0.4210526315789473,0.3686635944700461,0.3931203931203931,0.5503115487650746,0.5359582542694498,0.7357048282337988,logloss,0.0315399583563651,0.1462413505066943,7,8,600,-1,binary:logistic,73,0.0023275163518497,2.971822996113341,0.6358800405250042,hist,0
31,4,2227,1828,557,8,0.5421903052064632,0.388235294117647,0.304147465437788,0.3410852713178294,0.5291890169082983,0.4975738682569801,0.7357048282337988,logloss,0.0315399583563651,0.1462413505066943,7,8,600,-1,binary:logistic,73,0.0023275163518497,2.971822996113341,0.6358800405250042,hist,0
31,5,2228,1818,556,17,0.5593525179856115,0.4078947368421052,0.2857142857142857,0.3360433604336043,0.5398167235833498,0.501638051737966,0.7357048282337988,logloss,0.0315399583563651,0.1462413505066943,7,8,600,-1,binary:logistic,73,0.0023275163518497,2.971822996113341,0.6358800405250042,hist,0
32,1,2227,1826,557,24,0.6409335727109515,0.5483870967741935,0.4678899082568807,0.504950495049505,0.6348047579431118,0.661700630564802,0.8213053952267669,logloss,0.9663490805500184,0.0666244371238312,8,7,600,-1,binary:logistic,73,0.0199055864994818,4.880157865076031,0.7027333668124198,hist,0
32,2,2227,1826,557,3,0.599640933572711,0.4794520547945205,0.3225806451612903,0.3856749311294766,0.5794124566439898,0.563113309840065,0.8213053952267669,logloss,0.9663490805500184,0.0666244371238312,8,7,600,-1,binary:logistic,73,0.0199055864994818,4.880157865076031,0.7027333668124198,hist,0
32,3,2227,1802,557,15,0.5655296229802513,0.4331550802139037,0.3732718894009216,0.400990099009901,0.5585772487279831,0.5608159392789374,0.8213053952267669,logloss,0.9663490805500184,0.0666244371238312,8,7,600,-1,binary:logistic,73,0.0199055864994818,4.880157865076031,0.7027333668124198,hist,0
32,4,2227,1828,557,8,0.5439856373429084,0.3806451612903225,0.271889400921659,0.3172043010752688,0.525036253449925,0.501341827053402,0.8213053952267669,logloss,0.9663490805500184,0.0666244371238312,8,7,600,-1,binary:logistic,73,0.0199055864994818,4.880157865076031,0.7027333668124198,hist,0
32,5,2228,1818,556,17,0.5737410071942446,0.4333333333333333,0.2995391705069124,0.3542234332425068,0.5539991582616722,0.5285265690632519,0.8213053952267669,logloss,0.9663490805500184,0.0666244371238312,8,7,600,-1,binary:logistic,73,0.0199055864994818,4.880157865076031,0.7027333668124198,hist,0
33,1,2227,1826,557,24,0.6427289048473968,0.5487179487179488,0.4908256880733945,0.5181598062953995,0.6386417589605267,0.6623907336743255,0.783694894433538,logloss,0.3766441757273649,0.1411876076176414,8,8,500,-1,binary:logistic,73,0.1476898266174286,7.416225172795596,0.6261182538091793,hist,0
33,2,2227,1826,557,3,0.5709156193895871,0.4408602150537634,0.3778801843317972,0.4069478908188585,0.5637665341776426,0.5641705069124424,0.783694894433538,logloss,0.3766441757273649,0.1411876076176414,8,8,500,-1,binary:logistic,73,0.1476898266174286,7.416225172795596,0.6261182538091793,hist,0
33,3,2227,1802,557,15,0.5673249551166966,0.4375,0.3870967741935484,0.4107579462102689,0.56177293352427,0.5461642721604771,0.783694894433538,logloss,0.3766441757273649,0.1411876076176414,8,8,500,-1,binary:logistic,73,0.1476898266174286,7.416225172795596,0.6261182538091793,hist,0
33,4,2227,1828,557,8,0.5296229802513465,0.3636363636363636,0.2764976958525346,0.3141361256544502,0.5143151709083977,0.486405529953917,0.783694894433538,logloss,0.3766441757273649,0.1411876076176414,8,8,500,-1,binary:logistic,73,0.1476898266174286,7.416225172795596,0.6261182538091793,hist,0
33,5,2228,1818,556,17,0.5539568345323741,0.406060606060606,0.3087557603686636,0.3507853403141361,0.5394843445332667,0.5197177929121977,0.783694894433538,logloss,0.3766441757273649,0.1411876076176414,8,8,500,-1,binary:logistic,73,0.1476898266174286,7.416225172795596,0.6261182538091793,hist,0
34,1,2227,1826,557,24,0.6373429084380611,0.5439560439560439,0.4541284403669725,0.495,0.6301659550714361,0.6451516873697599,0.7727765209842332,logloss,0.481818858790366,0.1091095497131844,7,6,600,-1,binary:logistic,73,0.0004278251428848,1.1506553326289384,0.6744467105680177,hist,0
34,2,2227,1826,557,3,0.5529622980251346,0.4175257731958763,0.3732718894009216,0.3941605839416058,0.5477667938659296,0.5557874762808349,0.7727765209842332,logloss,0.481818858790366,0.1091095497131844,7,6,600,-1,binary:logistic,73,0.0004278251428848,1.1506553326289384,0.6744467105680177,hist,0
34,3,2227,1802,557,15,0.5727109515260324,0.4450261780104712,0.391705069124424,0.4166666666666667,0.5669642781459424,0.547316345893196,0.7727765209842332,logloss,0.481818858790366,0.1091095497131844,7,6,600,-1,binary:logistic,73,0.0004278251428848,1.1506553326289384,0.6744467105680177,hist,0
34,4,2227,1828,557,8,0.4973070017953321,0.3220338983050847,0.2626728110599078,0.2893401015228426,0.4857532851135272,0.4776497695852534,0.7727765209842332,logloss,0.481818858790366,0.1091095497131844,7,6,600,-1,binary:logistic,73,0.0004278251428848,1.1506553326289384,0.6744467105680177,hist,0
34,5,2228,1818,556,17,0.5755395683453237,0.4370860927152318,0.304147465437788,0.358695652173913,0.5563034144914082,0.5304432935035276,0.7727765209842332,logloss,0.481818858790366,0.1091095497131844,7,6,600,-1,binary:logistic,73,0.0004278251428848,1.1506553326289384,0.6744467105680177,hist,0
35,1,2227,1826,557,24,0.6319569120287253,0.533678756476684,0.4724770642201835,0.5012165450121655,0.6273075390907253,0.650604855078347,0.8365982424922438,logloss,0.0077403306171769,0.223807532064299,8,7,600,-1,binary:logistic,73,0.0045800985189901,1.5110168147449747,0.6221180381936587,hist,0
35,2,2227,1826,557,3,0.547576301615799,0.4154589371980676,0.3963133640552995,0.4056603773584906,0.5455195490903307,0.5406275413391163,0.8365982424922438,logloss,0.0077403306171769,0.223807532064299,8,7,600,-1,binary:logistic,73,0.0045800985189901,1.5110168147449747,0.6221180381936587,hist,0
35,3,2227,1802,557,15,0.5385996409335727,0.3958333333333333,0.3502304147465437,0.3716381418092909,0.5326790203972507,0.5231770127405801,0.8365982424922438,logloss,0.0077403306171769,0.223807532064299,8,7,600,-1,binary:logistic,73,0.0045800985189901,1.5110168147449747,0.6221180381936587,hist,0
35,4,2227,1828,557,8,0.5242369838420108,0.3681318681318681,0.3087557603686636,0.3358395989974937,0.5150147342342373,0.4967470859311466,0.8365982424922438,logloss,0.0077403306171769,0.223807532064299,8,7,600,-1,binary:logistic,73,0.0045800985189901,1.5110168147449747,0.6221180381936587,hist,0
35,5,2228,1818,556,17,0.5359712230215827,0.3757575757575757,0.2857142857142857,0.3246073298429319,0.5209151648773501,0.5129208977339152,0.8365982424922438,logloss,0.0077403306171769,0.223807532064299,8,7,600,-1,binary:logistic,73,0.0045800985189901,1.5110168147449747,0.6221180381936587,hist,0
36,1,2227,1826,557,24,0.6570915619389587,0.5780346820809249,0.4587155963302752,0.5115089514066496,0.6480304036070723,0.6701983708154042,0.9185432385935652,logloss,1.3220183509722236,0.0872974973331671,5,9,300,-1,binary:logistic,73,0.0193260899875979,0.1466217365985031,0.7229073200689509,hist,0
36,2,2227,1826,557,3,0.599640933572711,0.4769230769230769,0.2857142857142857,0.3573487031700288,0.572157981753893,0.5783003523990242,0.9185432385935652,logloss,1.3220183509722236,0.0872974973331671,5,9,300,-1,binary:logistic,73,0.0193260899875979,0.1466217365985031,0.7229073200689509,hist,0
36,3,2227,1802,557,15,0.5798922800718133,0.4491017964071856,0.3456221198156682,0.390625,0.5669287677381275,0.5605177554892924,0.9185432385935652,logloss,1.3220183509722236,0.0872974973331671,5,9,300,-1,binary:logistic,73,0.0193260899875979,0.1466217365985031,0.7229073200689509,hist,0
36,4,2227,1828,557,8,0.5385996409335727,0.375,0.2764976958525346,0.3183023872679045,0.5215617257925373,0.4970588235294118,0.9185432385935652,logloss,1.3220183509722236,0.0872974973331671,5,9,300,-1,binary:logistic,73,0.0193260899875979,0.1466217365985031,0.7229073200689509,hist,0
36,5,2228,1818,556,17,0.579136690647482,0.4421768707482993,0.2995391705069124,0.3571428571428571,0.5583618666564075,0.548278346451341,0.9185432385935652,logloss,1.3220183509722236,0.0872974973331671,5,9,300,-1,binary:logistic,73,0.0193260899875979,0.1466217365985031,0.7229073200689509,hist,0
37,1,2227,1826,557,24,0.6265709156193896,0.5277777777777778,0.4357798165137614,0.4773869346733668,0.6186533300384554,0.6580742063814241,0.730780024773165,logloss,0.982157020242354,0.1651701471823377,7,6,500,-1,binary:logistic,73,0.0013401029211897,0.7551964928931422,0.6923622688650848,hist,0
37,2,2227,1826,557,3,0.5691202872531418,0.4378378378378378,0.3732718894009216,0.4029850746268656,0.5616535361238709,0.5563702900515045,0.730780024773165,logloss,0.982157020242354,0.1651701471823377,7,6,500,-1,binary:logistic,73,0.0013401029211897,0.7551964928931422,0.6923622688650848,hist,0
37,3,2227,1802,557,15,0.578096947935368,0.4545454545454545,0.4147465437788018,0.4337349397590361,0.5741729448518912,0.5460287340742749,0.730780024773165,logloss,0.982157020242354,0.1651701471823377,7,6,500,-1,binary:logistic,73,0.0013401029211897,0.7551964928931422,0.6923622688650848,hist,0
37,4,2227,1828,557,8,0.5314183123877917,0.3641975308641975,0.271889400921659,0.3113456464379947,0.5149502897656981,0.4955136893467064,0.730780024773165,logloss,0.982157020242354,0.1651701471823377,7,6,500,-1,binary:logistic,73,0.0013401029211897,0.7551964928931422,0.6923622688650848,hist,0
37,5,2228,1818,556,17,0.5449640287769785,0.3928571428571428,0.304147465437788,0.3428571428571428,0.5313419690657378,0.5025352419014995,0.730780024773165,logloss,0.982157020242354,0.1651701471823377,7,6,500,-1,binary:logistic,73,0.0013401029211897,0.7551964928931422,0.6923622688650848,hist,0
38,1,2227,1826,557,24,0.6265709156193896,0.5255102040816326,0.4724770642201835,0.4975845410628019,0.6225170581333254,0.6305242077345674,0.686879843716544,logloss,0.3643152557408025,0.2173271093566613,6,5,200,-1,binary:logistic,73,5.1944100193547e-05,2.8291259281445784,0.6068292972070345,hist,0
38,2,2227,1826,557,3,0.5673249551166966,0.4361702127659574,0.3778801843317972,0.4049382716049383,0.5606829045922382,0.5607820547573867,0.686879843716544,logloss,0.3643152557408025,0.2173271093566613,6,5,200,-1,binary:logistic,73,5.1944100193547e-05,2.8291259281445784,0.6068292972070345,hist,0
38,3,2227,1802,557,15,0.5816876122082585,0.4587628865979381,0.4101382488479262,0.4330900243309002,0.5768259557058698,0.5599891569531038,0.686879843716544,logloss,0.3643152557408025,0.2173271093566613,6,5,200,-1,binary:logistic,73,5.1944100193547e-05,2.8291259281445784,0.6068292972070345,hist,0
38,4,2227,1828,557,8,0.5170556552962298,0.3555555555555555,0.2949308755760368,0.3224181360201511,0.5070115992108533,0.4826646787747357,0.686879843716544,logloss,0.3643152557408025,0.2173271093566613,6,5,200,-1,binary:logistic,73,5.1944100193547e-05,2.8291259281445784,0.6068292972070345,hist,0
38,5,2228,1818,556,17,0.5377697841726619,0.3863636363636363,0.3133640552995391,0.3460559796437659,0.5268375644429195,0.5201256066228948,0.686879843716544,logloss,0.3643152557408025,0.2173271093566613,6,5,200,-1,binary:logistic,73,5.1944100193547e-05,2.8291259281445784,0.6068292972070345,hist,0
39,1,2227,1826,557,24,0.6373429084380611,0.5408163265306123,0.4862385321100917,0.5120772946859904,0.6334059891487103,0.6512137695867501,0.7219569400469703,logloss,2.9555209880465263,0.2926543622672888,8,8,600,-1,binary:logistic,73,0.0002472560230158,1.7104746052557784,0.6698854945359674,hist,0
39,2,2227,1826,557,3,0.6104129263913824,0.5,0.2764976958525346,0.3560830860534125,0.578662611703116,0.5737123881810788,0.7219569400469703,logloss,2.9555209880465263,0.2926543622672888,8,8,600,-1,binary:logistic,73,0.0002472560230158,1.7104746052557784,0.6698854945359674,hist,0
39,3,2227,1802,557,15,0.5691202872531418,0.4378378378378378,0.3732718894009216,0.4029850746268656,0.5616535361238709,0.5455679045811873,0.7219569400469703,logloss,2.9555209880465263,0.2926543622672888,8,8,600,-1,binary:logistic,73,0.0002472560230158,1.7104746052557784,0.6698854945359674,hist,0
39,4,2227,1828,557,8,0.5745062836624776,0.4342105263157895,0.304147465437788,0.3577235772357723,0.5555923562561207,0.5255624830577392,0.7219569400469703,logloss,2.9555209880465263,0.2926543622672888,8,8,600,-1,binary:logistic,73,0.0002472560230158,1.7104746052557784,0.6698854945359674,hist,0
39,5,2228,1818,556,17,0.5719424460431655,0.4355828220858895,0.3271889400921659,0.3736842105263158,0.5573168385050372,0.5178146622622786,0.7219569400469703,logloss,2.9555209880465263,0.2926543622672888,8,8,600,-1,binary:logistic,73,0.0002472560230158,1.7104746052557784,0.6698854945359674,hist,0
40,1,2227,1826,557,24,0.6624775583482945,0.5974025974025974,0.4220183486238532,0.4946236559139785,0.6479995937178413,0.6827284782549864,0.9936129719318776,logloss,2.635429919811998,0.0459651226923495,8,1,500,-1,binary:logistic,73,0.0031324080386852,6.452054845582915,0.7570546059351242,hist,0
40,2,2227,1826,557,3,0.6319569120287253,0.5833333333333334,0.1935483870967742,0.2906574394463668,0.5719709441203108,0.5899769585253456,0.9936129719318776,logloss,2.635429919811998,0.0459651226923495,8,1,500,-1,binary:logistic,73,0.0031324080386852,6.452054845582915,0.7570546059351242,hist,0
40,3,2227,1802,557,15,0.5942549371633752,0.4666666666666667,0.2903225806451613,0.3579545454545454,0.568826286087097,0.5869205746814855,0.9936129719318776,logloss,2.635429919811998,0.0459651226923495,8,1,500,-1,binary:logistic,73,0.0031324080386852,6.452054845582915,0.7570546059351242,hist,0
40,4,2227,1828,557,8,0.5978456014362658,0.4672897196261682,0.2304147465437788,0.3086419753086419,0.5575767421020397,0.5235700731905666,0.9936129719318776,logloss,2.635429919811998,0.0459651226923495,8,1,500,-1,binary:logistic,73,0.0031324080386852,6.452054845582915,0.7570546059351242,hist,0
40,5,2228,1818,556,17,0.5701438848920863,0.4051724137931034,0.216589861751152,0.2822822822822823,0.5328216488669384,0.535867215855797,0.9936129719318776,logloss,2.635429919811998,0.0459651226923495,8,1,500,-1,binary:logistic,73,0.0031324080386852,6.452054845582915,0.7570546059351242,hist,0
41,1,2227,1826,557,24,0.6211849192100538,0.5187165775401069,0.4449541284403669,0.4790123456790123,0.614968628971038,0.6362750669805959,0.6377817910034107,logloss,0.5652943624630394,0.2616225617087865,4,6,600,-1,binary:logistic,73,1.136747703842278e-06,0.2694026173713326,0.6201202712445246,hist,0
41,2,2227,1826,557,3,0.585278276481149,0.4615384615384615,0.3870967741935484,0.4210526315789473,0.5772392588985238,0.5677351585795608,0.6377817910034107,logloss,0.5652943624630394,0.2616225617087865,4,6,600,-1,binary:logistic,73,1.136747703842278e-06,0.2694026173713326,0.6201202712445246,hist,0
41,3,2227,1802,557,15,0.5493716337522442,0.4166666666666667,0.391705069124424,0.4038004750593824,0.5466408616555527,0.5253185145025752,0.6377817910034107,logloss,0.5652943624630394,0.2616225617087865,4,6,600,-1,binary:logistic,73,1.136747703842278e-06,0.2694026173713326,0.6201202712445246,hist,0
41,4,2227,1828,557,8,0.5098743267504489,0.3426966292134831,0.2811059907834101,0.3088607594936708,0.498970948276159,0.4777310924369747,0.6377817910034107,logloss,0.5652943624630394,0.2616225617087865,4,6,600,-1,binary:logistic,73,1.136747703842278e-06,0.2694026173713326,0.6201202712445246,hist,0
41,5,2228,1818,556,17,0.5593525179856115,0.4213483146067415,0.3456221198156682,0.379746835443038,0.549583171236434,0.5226948330002854,0.6377817910034107,logloss,0.5652943624630394,0.2616225617087865,4,6,600,-1,binary:logistic,73,1.136747703842278e-06,0.2694026173713326,0.6201202712445246,hist,0
42,1,2227,1826,557,24,0.6319569120287253,0.5359116022099447,0.4449541284403669,0.4862155388471177,0.6244150507591876,0.635300803767151,0.7706564633706122,logloss,0.2669959042400691,0.1883278122807515,2,7,600,-1,binary:logistic,73,4.859813486486011e-06,0.15274703096843,0.6346253641265452,hist,0
42,2,2227,1826,557,3,0.5763016157989228,0.436241610738255,0.2995391705069124,0.3551912568306011,0.55620067407453,0.5763621577663323,0.7706564633706122,logloss,0.2669959042400691,0.1883278122807515,2,7,600,-1,binary:logistic,73,4.859813486486011e-06,0.15274703096843,0.6346253641265452,hist,0
42,3,2227,1802,557,15,0.5763016157989228,0.4469273743016759,0.3686635944700461,0.404040404040404,0.5671847271543214,0.550853889943074,0.7706564633706122,logloss,0.2669959042400691,0.1883278122807515,2,7,600,-1,binary:logistic,73,4.859813486486011e-06,0.15274703096843,0.6346253641265452,hist,0
42,4,2227,1828,557,8,0.5170556552962298,0.3452380952380952,0.2672811059907834,0.3012987012987013,0.5025534732031174,0.4893060449986446,0.7706564633706122,logloss,0.2669959042400691,0.1883278122807515,2,7,600,-1,binary:logistic,73,4.859813486486011e-06,0.15274703096843,0.6346253641265452,hist,0
42,5,2228,1818,556,17,0.564748201438849,0.4260355029585799,0.3317972350230415,0.3730569948186528,0.5520744026540426,0.5365333115832687,0.7706564633706122,logloss,0.2669959042400691,0.1883278122807515,2,7,600,-1,binary:logistic,73,4.859813486486011e-06,0.15274703096843,0.6346253641265452,hist,0
43,1,2227,1826,557,24,0.6140035906642729,0.5080213903743316,0.4357798165137614,0.4691358024691358,0.6076694560605364,0.6482097913452951,0.6429669338383508,logloss,0.861725397789435,0.2888204990056637,7,6,600,-1,binary:logistic,73,4.257355679043436e-06,0.4560608773872197,0.9800251398335722,hist,0
43,2,2227,1826,557,3,0.63016157989228,0.5567010309278351,0.2488479262672811,0.3439490445859872,0.5872296995963362,0.5748712388181079,0.6429669338383508,logloss,0.861725397789435,0.2888204990056637,7,6,600,-1,binary:logistic,73,4.257355679043436e-06,0.4560608773872197,0.9800251398335722,hist,0
43,3,2227,1802,557,15,0.5709156193895871,0.4352941176470588,0.3410138248847926,0.3824289405684754,0.5587300982003267,0.5525752236378423,0.6429669338383508,logloss,0.861725397789435,0.2888204990056637,7,6,600,-1,binary:logistic,73,4.257355679043436e-06,0.4560608773872197,0.9800251398335722,hist,0
43,4,2227,1828,557,8,0.5457809694793537,0.3860759493670886,0.2811059907834101,0.3253333333333333,0.5281809552268296,0.5180401192735159,0.6429669338383508,logloss,0.861725397789435,0.2888204990056637,7,6,600,-1,binary:logistic,73,4.257355679043436e-06,0.4560608773872197,0.9800251398335722,hist,0
43,5,2228,1818,556,17,0.5629496402877698,0.4177215189873418,0.304147465437788,0.352,0.5460622199662252,0.543873958375814,0.6429669338383508,logloss,0.861725397789435,0.2888204990056637,7,6,600,-1,binary:logistic,73,4.257355679043436e-06,0.4560608773872197,0.9800251398335722,hist,0
44,1,2227,1826,557,24,0.6463195691202872,0.5586592178770949,0.4587155963302752,0.5037783375314862,0.6385662803727792,0.6598468241725529,0.8178829814526013,logloss,0.045320300092551,0.1529804919760901,8,3,500,-1,binary:logistic,73,3.211370421984238e-05,0.1958586785381126,0.6456275619700228,hist,0
44,2,2227,1826,557,3,0.5547576301615799,0.4251207729468599,0.4055299539170507,0.4150943396226415,0.5527335245015953,0.5327121171049065,0.8178829814526013,logloss,0.045320300092551,0.1529804919760901,8,3,500,-1,binary:logistic,73,3.211370421984238e-05,0.1958586785381126,0.6456275619700228,hist,0
44,3,2227,1802,557,15,0.5763016157989228,0.4491978609625668,0.3870967741935484,0.4158415841584158,0.569521614462,0.5522228246137164,0.8178829814526013,logloss,0.045320300092551,0.1529804919760901,8,3,500,-1,binary:logistic,73,3.211370421984238e-05,0.1958586785381126,0.6456275619700228,hist,0
44,4,2227,1828,557,8,0.5170556552962298,0.3505747126436782,0.2811059907834101,0.3120204603580562,0.5048613076028114,0.4912577934399566,0.8178829814526013,logloss,0.045320300092551,0.1529804919760901,8,3,500,-1,binary:logistic,73,3.211370421984238e-05,0.1958586785381126,0.6456275619700228,hist,0
44,5,2228,1818,556,17,0.552158273381295,0.4069767441860465,0.3225806451612903,0.3598971722365038,0.5401918148038184,0.5390889441703031,0.8178829814526013,logloss,0.045320300092551,0.1529804919760901,8,3,500,-1,binary:logistic,73,3.211370421984238e-05,0.1958586785381126,0.6456275619700228,hist,0
45,1,2227,1826,557,24,0.6552962298025135,0.5755813953488372,0.4541284403669725,0.5076923076923077,0.6459180800551799,0.6548943195042083,0.6527223502570997,logloss,0.2185550829563861,0.0647146695234689,4,9,600,-1,binary:logistic,73,1.3570726186778912e-07,0.3456459203602556,0.6096165155931693,hist,0
45,2,2227,1826,557,3,0.5978456014362658,0.4744525547445255,0.2995391705069124,0.3672316384180791,0.5735704474343513,0.5675521821631879,0.6527223502570997,logloss,0.2185550829563861,0.0647146695234689,4,9,600,-1,binary:logistic,73,1.3570726186778912e-07,0.3456459203602556,0.6096165155931693,hist,0
45,3,2227,1802,557,15,0.5709156193895871,0.436046511627907,0.3456221198156682,0.3856041131105398,0.5594135258964048,0.5516671184602873,0.6527223502570997,logloss,0.2185550829563861,0.0647146695234689,4,9,600,-1,binary:logistic,73,1.3570726186778912e-07,0.3456459203602556,0.6096165155931693,hist,0
45,4,2227,1828,557,8,0.5493716337522442,0.3950617283950617,0.2949308755760368,0.337730870712401,0.5335345698513034,0.5048929249119003,0.6527223502570997,logloss,0.2185550829563861,0.0647146695234689,4,9,600,-1,binary:logistic,73,1.3570726186778912e-07,0.3456459203602556,0.6096165155931693,hist,0
45,5,2228,1818,556,17,0.579136690647482,0.4437086092715231,0.3087557603686636,0.3641304347826087,0.5600635550465658,0.5314220464092003,0.6527223502570997,logloss,0.2185550829563861,0.0647146695234689,4,9,600,-1,binary:logistic,73,1.3570726186778912e-07,0.3456459203602556,0.6096165155931693,hist,0
46,1,2227,1826,557,24,0.6606822262118492,0.5986394557823129,0.4036697247706422,0.4821917808219178,0.6437625711748863,0.6574923547400612,0.6218684929909443,logloss,4.130991131840653,0.2311686401098448,3,7,500,-1,binary:logistic,73,1.142980090463895e-05,0.587682138605088,0.7882781927990392,hist,0
46,2,2227,1826,557,3,0.6319569120287253,0.625,0.1382488479262673,0.2264150943396226,0.5512306844793043,0.5608023854703172,0.6218684929909443,logloss,4.130991131840653,0.2311686401098448,3,7,500,-1,binary:logistic,73,1.142980090463895e-05,0.587682138605088,0.7882781927990392,hist,0
46,3,2227,1802,557,15,0.5834829443447038,0.4452554744525547,0.2811059907834101,0.3446327683615819,0.5583408205570067,0.5740580103008945,0.6218684929909443,logloss,4.130991131840653,0.2311686401098448,3,7,500,-1,binary:logistic,73,1.142980090463895e-05,0.587682138605088,0.7882781927990392,hist,0
46,4,2227,1828,557,8,0.5888689407540395,0.4482758620689655,0.2396313364055299,0.3123123123123123,0.5531042551296932,0.5417525074545947,0.6218684929909443,logloss,4.130991131840653,0.2311686401098448,3,7,500,-1,binary:logistic,73,1.142980090463895e-05,0.587682138605088,0.7882781927990392,hist,0
46,5,2228,1818,556,17,0.5755395683453237,0.4227642276422764,0.2396313364055299,0.3058823529411765,0.5427056586976685,0.5564618082459933,0.6218684929909443,logloss,4.130991131840653,0.2311686401098448,3,7,500,-1,binary:logistic,73,1.142980090463895e-05,0.587682138605088,0.7882781927990392,hist,0
47,1,2227,1826,557,24,0.6499102333931778,0.5602094240837696,0.4908256880733945,0.5232273838630807,0.6450585497941528,0.6626748937782468,0.6882648835279814,logloss,0.6094420484047076,0.1151653964037635,5,5,600,-1,binary:logistic,73,3.9409764670145486e-08,4.668432009899236,0.6860946347233562,hist,0
47,2,2227,1826,557,3,0.5673249551166966,0.4333333333333333,0.3594470046082949,0.3929471032745592,0.5583263769881623,0.5624898346435349,0.6882648835279814,logloss,0.6094420484047076,0.1151653964037635,5,5,600,-1,binary:logistic,73,3.9409764670145486e-08,4.668432009899236,0.6860946347233562,hist,0
47,3,2227,1802,557,15,0.5655296229802513,0.4316939890710382,0.3640552995391705,0.395,0.5574091647430964,0.5565058281377067,0.6882648835279814,logloss,0.6094420484047076,0.1151653964037635,5,5,600,-1,binary:logistic,73,3.9409764670145486e-08,4.668432009899236,0.6860946347233562,hist,0
47,4,2227,1828,557,8,0.518850987432675,0.3491124260355029,0.271889400921659,0.3056994818652849,0.5047970420106493,0.4818243426402819,0.6882648835279814,logloss,0.6094420484047076,0.1151653964037635,5,5,600,-1,binary:logistic,73,3.9409764670145486e-08,4.668432009899236,0.6860946347233562,hist,0
47,5,2228,1818,556,17,0.5827338129496403,0.4550898203592814,0.3502304147465437,0.3958333333333333,0.5698972415474214,0.5387898807824586,0.6882648835279814,logloss,0.6094420484047076,0.1151653964037635,5,5,600,-1,binary:logistic,73,3.9409764670145486e-08,4.668432009899236,0.6860946347233562,hist,0
48,1,2227,1826,557,24,0.6337522441651705,0.5376344086021505,0.4587155963302752,0.495049504950495,0.6275008531019739,0.6490622716570593,0.7517879882231493,logloss,1.9984810482444433,0.1323332681027628,7,6,500,-1,binary:logistic,73,0.1619419471264591,0.1301503287263206,0.6578662176618794,hist,0
48,2,2227,1826,557,3,0.5655296229802513,0.4074074074074074,0.2534562211981567,0.3125,0.5383007134206967,0.5609853618866902,0.7517879882231493,logloss,1.9984810482444433,0.1323332681027628,7,6,500,-1,binary:logistic,73,0.1619419471264591,0.1301503287263206,0.6578662176618794,hist,0
48,3,2227,1802,557,15,0.5870736086175943,0.4606060606060606,0.3502304147465437,0.3979057591623036,0.5736354553776009,0.5562618595825427,0.7517879882231493,logloss,1.9984810482444433,0.1323332681027628,7,6,500,-1,binary:logistic,73,0.1619419471264591,0.1301503287263206,0.6578662176618794,hist,0
48,4,2227,1828,557,8,0.5134649910233393,0.3333333333333333,0.2488479262672811,0.2849604221635884,0.4963660096800926,0.4894144754676064,0.7517879882231493,logloss,1.9984810482444433,0.1323332681027628,7,6,500,-1,binary:logistic,73,0.1619419471264591,0.1301503287263206,0.6578662176618794,hist,0
48,5,2228,1818,556,17,0.5755395683453237,0.440251572327044,0.3225806451612903,0.3723404255319149,0.5595265924170931,0.5375800334407242,0.7517879882231493,logloss,1.9984810482444433,0.1323332681027628,7,6,500,-1,binary:logistic,73,0.1619419471264591,0.1301503287263206,0.6578662176618794,hist,0
49,1,2227,1826,557,24,0.6283662477558348,0.5284974093264249,0.4678899082568807,0.4963503649635036,0.6236715150818544,0.6473843739005711,0.7822341122656702,logloss,0.2916223194468129,0.1788457140705752,6,8,400,-1,binary:logistic,73,5.555360597987281e-07,2.1097187575291145,0.6005427755903674,hist,0
49,2,2227,1826,557,3,0.5709156193895871,0.4432989690721649,0.3963133640552995,0.4184914841849148,0.5659287700158923,0.5577392247221469,0.7822341122656702,logloss,0.2916223194468129,0.1788457140705752,6,8,400,-1,binary:logistic,73,5.555360597987281e-07,2.1097187575291145,0.6005427755903674,hist,0
49,3,2227,1802,557,15,0.585278276481149,0.4639175257731959,0.4147465437788018,0.437956204379562,0.5804583509358624,0.5516806722689076,0.7822341122656702,logloss,0.2916223194468129,0.1788457140705752,6,8,400,-1,binary:logistic,73,5.555360597987281e-07,2.1097187575291145,0.6005427755903674,hist,0
49,4,2227,1828,557,8,0.5403949730700179,0.3910614525139664,0.3225806451612903,0.3535353535353535,0.5305054667436708,0.4943616156139875,0.7822341122656702,logloss,0.2916223194468129,0.1788457140705752,6,8,400,-1,binary:logistic,73,5.555360597987281e-07,2.1097187575291145,0.6005427755903674,hist,0
49,5,2228,1818,556,17,0.5413669064748201,0.3841463414634146,0.2903225806451613,0.3307086614173228,0.5260934632627171,0.5219199869499612,0.7822341122656702,logloss,0.2916223194468129,0.1788457140705752,6,8,400,-1,binary:logistic,73,5.555360597987281e-07,2.1097187575291145,0.6005427755903674,hist,0
