trial_number,objective_value,is_best,param_colsample_bytree,param_eval_metric,param_gamma,param_learning_rate,param_max_depth,param_min_child_weight,param_n_estimators,param_n_jobs,param_objective,param_random_state,param_reg_alpha,param_reg_lambda,param_subsample,param_tree_method,param_verbosity,cv_mean_accuracy,cv_std_accuracy,cv_mean_precision,cv_std_precision,cv_mean_recall,cv_std_recall,cv_mean_f1,cv_std_f1,cv_mean_f1_weighted,cv_std_f1_weighted,cv_mean_roc_auc,cv_std_roc_auc
0,0.3728992131904392,False,0.7971955934444767,logloss,1.219900096437906,0.0570342047169544,5,3,400,-1,binary:logistic,73,0.0003773602994151,3.509597624572087,0.8441028908451985,hist,0,0.5966140552548984,0.0385200438304684,0.4701074021438308,0.070967870363881,0.3111064135627616,0.0763373356626853,0.3728992131904392,0.0758967755616352,0.5737460019483183,0.043596755782668,0.5725781794619337,0.0573587130305776
1,0.3402319739697151,False,0.9622879365735616,logloss,2.943318378397697,0.0761282831175293,4,2,200,-1,binary:logistic,73,1.2467303481508757e-06,5.658214935507401,0.6965739067514468,hist,0,0.6174431370522971,0.030802562800567,0.5203368185808923,0.085782255071182,0.259523104891557,0.0853332086927548,0.3402319739697151,0.0819651624336923,0.5777002501775877,0.0390704929369321,0.583567572828145,0.0522618817892495
2,0.4052451866317438,False,0.6136175405321111,logloss,0.1372727267344514,0.271527423263149,2,6,600,-1,binary:logistic,73,5.011596140896913e-06,0.2435969883794701,0.6173709429837138,hist,0,0.5800957079937487,0.0341320170733881,0.450386098716133,0.0547750284524059,0.3691328795501628,0.066802300808068,0.4052451866317438,0.0615843409782989,0.569944273853087,0.0372633874212652,0.5534277973014587,0.0441968343590699
3,0.3331765886118752,False,0.86209001442807,logloss,3.44580427018248,0.2506561592048676,8,1,200,-1,binary:logistic,73,0.0012424627660752,1.605283540642144,0.9279542010007942,hist,0,0.6156497423246322,0.0323783956359163,0.516889823683958,0.0829157342649397,0.2512619963640976,0.0750937256494466,0.3331765886118752,0.0786848457071217,0.574685741472133,0.0391806433085562,0.5858802362200214,0.0391892561978913
4,0.2531659135365831,False,0.6325648711189599,logloss,3.66598040069765,0.0561755793396314,3,4,100,-1,binary:logistic,73,0.007065509963103,0.172219252069822,0.7906392891802798,hist,0,0.6267872595998605,0.0251528520746941,0.5766844269622743,0.1049718581187227,0.1683887878915993,0.0753378099402097,0.2531659135365831,0.093568203709651,0.5565009450790432,0.0413192679073476,0.5813323256688638,0.0443614979852943
5,0.3122298195120872,False,0.6308633956640812,logloss,2.9320580472813984,0.1733623847228064,4,3,100,-1,binary:logistic,73,2.4630874136322493e-05,1.858990580726907,0.8431516394729066,hist,0,0.6131375689394625,0.0246234051915679,0.5188327962764053,0.0780605211171495,0.23467636240646,0.08832532904201,0.3122298195120872,0.0903513486184434,0.5665162110484443,0.0358496120142253,0.5717186917456473,0.0412356375858505
6,0.3769120845514,False,0.875394498667847,logloss,3.9650350078750742,0.2654099557555474,6,9,100,-1,binary:logistic,73,0.0020735497997211,4.153281029591246,0.6022222985971283,hist,0,0.6113415910000903,0.032241972873908,0.5003924983643776,0.0580299167665308,0.3064896630448569,0.0793570902168803,0.3769120845514,0.0722789626737446,0.58417974095303,0.0376196934449273,0.5842504635992369,0.0484981037726947
7,0.212389303931966,False,0.8011540601618066,logloss,3.3678250358467423,0.0549393717223349,3,2,100,-1,binary:logistic,73,3.4697700669368306e-06,3.801560527618384,0.97115614980142,hist,0,0.6228407579143148,0.0214657858079247,0.5706071882194174,0.1086266393915279,0.1343423667188094,0.0597292074220039,0.212389303931966,0.0798145188060918,0.5412298023674823,0.0349426698571521,0.5834984050845208,0.0397591316034875
8,0.3178526826916205,False,0.9524749187597724,logloss,4.948073707755076,0.1472806139687378,3,6,500,-1,binary:logistic,73,2.2181717360182337e-05,0.5133064898511264,0.7734278923554754,hist,0,0.6156465133099983,0.0320437405159497,0.520501514554687,0.0847169085106479,0.2346805901999746,0.0742441041159084,0.3178526826916205,0.0780275618971678,0.5701579052365545,0.0383443940497436,0.5753038479912284,0.0451614393473113
9,0.2563287536341089,False,0.7104637317944678,logloss,4.5647801168354265,0.0397654956478607,3,6,400,-1,binary:logistic,73,1.231138578118363e-05,0.1133155270476007,0.845564285010995,hist,0,0.6275047466515119,0.0251729194780336,0.5738324420677362,0.0966627626374361,0.171141081469581,0.0785214284647129,0.2563287536341089,0.0947288442106334,0.557907895057053,0.0418899080200108,0.5873116611341114,0.0412867786129267
10,0.2769073535041352,False,0.7057628490872786,logloss,0.1637434041427772,0.0114008801285384,2,9,600,-1,binary:logistic,73,1.1804843117482667e-08,0.3492005833715648,0.6277622585122522,hist,0,0.6289423039665216,0.0210587113160944,0.5655942833698966,0.0770775681195122,0.1850040164038388,0.0550949537779807,0.2769073535041352,0.0710548569653612,0.5655753282210992,0.0336097017418156,0.586641781740523,0.0422171657864489
11,0.385398723995457,False,0.8799461688611904,logloss,1.72264354799537,0.2427731844527083,7,10,600,-1,binary:logistic,73,0.8182485233120627,8.889712341196999,0.6006472787393548,hist,0,0.5833279516422769,0.0324856461156988,0.4519467575837642,0.0518010776487707,0.3396482475795882,0.0779586915014034,0.385398723995457,0.0666838357990411,0.5674028226702575,0.0356959011935622,0.5561148931388324,0.0546064880751271
12,0.3875717752030971,False,0.867492175668823,logloss,1.6816961735461566,0.1243808490553333,7,10,600,-1,binary:logistic,73,0.2294181741683001,0.6147615546126064,0.6826800205336332,hist,0,0.5800905415703344,0.029440982055801,0.4485914338600609,0.0477356371961489,0.343360250285376,0.0624148771377111,0.3875717752030971,0.0555189594321398,0.5658599578601754,0.0315697229722484,0.5661096930188345,0.0515428853068533
13,0.4011871184799326,False,0.7433002825364808,logloss,0.2046414774686742,0.1153929669872856,8,7,500,-1,binary:logistic,73,0.4663520787776994,0.5865886146889308,0.6874381389855947,hist,0,0.5725578962323856,0.0320484924168012,0.439941953977879,0.0523790815744764,0.3700672219168816,0.0684410037893677,0.4011871184799326,0.0613529745798769,0.5634281723983708,0.0353777973858304,0.555500376675641,0.0546930544473402
14,0.4078764067377281,False,0.6998465161822723,logloss,0.0546248705468432,0.0945562308426612,8,7,500,-1,binary:logistic,73,1.788313908042479e-07,0.2554156720109515,0.6806990330851235,hist,0,0.5800982912054558,0.0333146449662609,0.4516363726398114,0.0551153091520614,0.3737665412421257,0.0680601613713325,0.4078764067377281,0.0615182841221765,0.5702056582708595,0.0360632531466487,0.5605872512298766,0.0511334788144645
15,0.3891270624981639,False,0.6718463666290666,logloss,0.7906441705994963,0.0280814601660477,6,7,500,-1,binary:logistic,73,7.821316028674164e-08,0.2400924738089525,0.6563740089733123,hist,0,0.5948200147243068,0.0385980882525102,0.469328861211472,0.0682049743355924,0.3332135458504207,0.0694881613394413,0.3891270624981639,0.0700733035044746,0.5767137128736914,0.0426693438509843,0.5714140391678255,0.0534127715091921
16,0.3620779361018573,False,0.601528196837165,logloss,0.7742146395937552,0.0249978944930409,5,5,500,-1,binary:logistic,73,4.014631024026706e-07,0.107946013330061,0.7307076882321467,hist,0,0.5973341255182568,0.0378722443897311,0.4720410721516067,0.0723512620872888,0.296376780958018,0.0736122903662977,0.3620779361018573,0.0731876332169592,0.5713729679749358,0.042058004478989,0.5737422028186332,0.0456938585551831
17,0.3446944981565661,False,0.6680044594904417,logloss,2.269042809240669,0.0905343873414419,2,8,300,-1,binary:logistic,73,2.136308391342997e-07,0.2700361160992311,0.7452401166031214,hist,0,0.6095423840460844,0.0329396634108299,0.4973382052901051,0.0741048311348296,0.2669132879550163,0.0701606092761375,0.3446944981565661,0.072283250130738,0.5744423296668216,0.0387306236652432,0.5767330684811068,0.0430137725340219
18,0.3850771050889801,False,0.7570530532554127,logloss,0.0994437528954474,0.182881263375972,6,5,400,-1,binary:logistic,73,2.248735217861333e-08,1.183348379905889,0.6492179357813326,hist,0,0.5560292161244075,0.0460118300112597,0.4178203697690142,0.0725214713404953,0.3581110218576924,0.0721253425247349,0.3850771050889801,0.0715175579942048,0.5480076967601847,0.0477587440745816,0.5443788561055035,0.0599858501511893
19,0.3690289372802177,False,0.6687299442852588,logloss,0.7038077078892646,0.0124292575729766,7,7,600,-1,binary:logistic,73,1.2811892906678618e-06,0.1973391774752124,0.7386519450800785,hist,0,0.5998411324800125,0.0379277339543637,0.4743723847535587,0.0761421528684313,0.3028283938612438,0.0717068897815772,0.3690289372802177,0.0760589024202499,0.575060749191783,0.0441156589103142,0.5778659926127397,0.0529800675048954
20,0.3706697322155645,False,0.6048237474042139,logloss,1.497988714150453,0.0933089144466429,4,8,500,-1,binary:logistic,73,0.000124736561472,0.3493317068244848,0.7060034739708079,hist,0,0.5862037120752233,0.0346571782747177,0.4559653376143108,0.0593654554449382,0.3166405952733268,0.0737863564839843,0.3706697322155645,0.0665395160497208,0.5658227175017092,0.036610495975557,0.5611581198515856,0.0516451130011906
21,0.4153241115111428,True,0.742249345421823,logloss,0.0133244640832353,0.1169513882507317,8,7,500,-1,binary:logistic,73,0.0201118435489907,0.7780196215518866,0.6623291806356444,hist,0,0.5800995828113094,0.0337594753602099,0.4547363293219589,0.0523278288694364,0.3829873588973914,0.0494423227353007,0.4153241115111428,0.0493838639706888,0.5719756449653756,0.034271942680982,0.5543921381116775,0.055006122192922
22,0.4084119233077884,False,0.7614100219449179,logloss,0.5112953226141601,0.2003027618685337,8,6,600,-1,binary:logistic,73,0.0308667916160931,1.0373236420038316,0.6479797979855698,hist,0,0.5660888883148419,0.0545807552266545,0.4380689964079944,0.0832556886402092,0.3838794233289646,0.0673576282029078,0.4084119233077884,0.0724147113673812,0.5599661518036795,0.0543146471439753,0.5491051201939394,0.0561765345735809
23,0.3882934389362581,False,0.7969386772919858,logloss,0.6736821816273647,0.1686688713454647,8,8,400,-1,binary:logistic,73,0.0369685115192016,0.957262351656212,0.6605102547760232,hist,0,0.5632150652906759,0.0367341028339681,0.4263710373507772,0.0580509537086816,0.3571809072844882,0.0638816024183603,0.3882934389362581,0.061230619889774,0.5540705027902224,0.0389863504170906,0.5484160585536271,0.0576213001533207
24,0.3973551363221763,False,0.7469445516186171,logloss,1.064522189080184,0.0756559978094011,8,5,500,-1,binary:logistic,73,0.0553235722379027,0.897436923591153,0.6464171198039088,hist,0,0.5826085271818451,0.0443247717569417,0.4528423374695526,0.0739587479378116,0.3544032469454192,0.0701191039568542,0.3973551363221763,0.0723435532213629,0.5701331746484681,0.047191320099785,0.5643494042746962,0.0565340200237114
25,0.3777234365563163,False,0.7140543599834803,logloss,2.0822068014531268,0.1289058657890913,7,7,300,-1,binary:logistic,73,0.0109017021379721,2.0643541597938317,0.715686372059301,hist,0,0.5948264727535746,0.0291759592332259,0.4688232379536727,0.0544572624381579,0.3194140278188813,0.0713628357137525,0.3777234365563163,0.0655804382260921,0.5735971479100039,0.033885690144493,0.5723930295063233,0.0474204963198219
26,0.389805977997519,False,0.8325897305242593,logloss,0.5056225695983,0.2023916644463066,8,4,600,-1,binary:logistic,73,0.0765178062447782,0.7390492706763843,0.7644536040262364,hist,0,0.5678900326776282,0.0381547261068303,0.4343597306717332,0.0619403087522418,0.3544412970870503,0.0536421441491124,0.389805977997519,0.0557575069656458,0.5577728951228342,0.0387156920289048,0.5494184545307044,0.0477930355935922
27,0.3818835877935487,False,0.7604884285210634,logloss,1.1311357411516163,0.103813336713367,7,9,500,-1,binary:logistic,73,0.007838765460084,0.4185092656176364,0.6695387397758396,hist,0,0.5671609211732948,0.0337412092438537,0.4284848347065627,0.057040601569071,0.3451993404642117,0.0669467278382443,0.3818835877935487,0.0629491777581015,0.5556283068334185,0.0373723549222062,0.5529824528082179,0.0528241434442569
28,0.379732367870032,False,0.6984558380724571,logloss,0.415904642159807,0.0783688367019105,8,6,400,-1,binary:logistic,73,0.0001451201301484,1.2322004082375566,0.8159998205707657,hist,0,0.5671718998230499,0.0380909682608088,0.4315194732630573,0.0623430795886302,0.3397074366887921,0.0480050648759573,0.379732367870032,0.0528850673540309,0.5551909185122881,0.0381668517448013,0.5544985901816197,0.0508819738542746
29,0.3646047399361903,False,0.7946496815330876,logloss,1.3770373015026105,0.0443489859760775,6,4,400,-1,binary:logistic,73,0.0006350967992383,2.48900600517822,0.8907297569367307,hist,0,0.6095436756519381,0.0348249489281163,0.4979864132301762,0.0705292476295845,0.2917769416141715,0.0757557442512064,0.3646047399361903,0.0753136525373742,0.5797759912950149,0.0401206993830308,0.5784919518488725,0.0526036937142175
30,0.405696319102834,False,0.7733167363132734,logloss,0.9612256407596028,0.1350300265030876,7,8,600,-1,binary:logistic,73,0.0029915917288191,2.7656020658403486,0.637354799008003,hist,0,0.5829727600325485,0.0381055328238371,0.4565630761130458,0.0605249071473265,0.3654716103665497,0.0541099797945712,0.405696319102834,0.0564975563469735,0.5721843890700997,0.0391508089683999,0.5561163253653254,0.0569600244909728
31,0.3975348179158365,False,0.7357048282337988,logloss,0.0315399583563651,0.1462413505066943,7,8,600,-1,binary:logistic,73,0.0023275163518497,2.971822996113341,0.6358800405250042,hist,0,0.5725527298089714,0.0312441894746475,0.4389920880632955,0.0505867971565257,0.3645372679998309,0.0678944234049538,0.3975348179158365,0.0608410609288421,0.562697977949643,0.0347707905736212,0.5508272903506486,0.0595141560155599
32,0.3926086519013316,False,0.8213053952267669,logloss,0.9663490805500184,0.0666244371238312,8,7,600,-1,binary:logistic,73,0.0199055864994818,4.880157865076031,0.7027333668124198,hist,0,0.5847661547602133,0.0332586425416601,0.4549945452812547,0.0562038071366426,0.3470342028495328,0.0689855253842351,0.3926086519013316,0.0630844766900547,0.5703659750053365,0.036594606133676,0.5630996551600916,0.0542894013784483
33,0.4001574218586227,False,0.783694894433538,logloss,0.3766441757273649,0.1411876076176414,8,8,500,-1,binary:logistic,73,0.1476898266174286,7.416225172795596,0.6261182538091793,hist,0,0.5729098588274802,0.0377963974852668,0.4393550266937364,0.0613315413310302,0.3682112205639877,0.0740685938855189,0.4001574218586227,0.0691669142794096,0.5635961484208207,0.0415817042374026,0.555769767122672,0.0594003547352522
34,0.3907726008610057,False,0.7727765209842332,logloss,0.481818858790366,0.1091095497131844,7,6,600,-1,binary:logistic,73,0.0004278251428848,1.1506553326289384,0.6744467105680177,hist,0,0.5671725456259769,0.0449615083775185,0.4331255972365415,0.070746614546302,0.3571851350780028,0.0672220019691938,0.3907726008610057,0.0676207281292391,0.5573907453376487,0.0460730118830753,0.5512697145265144,0.0542282218508787
35,0.3877923986040745,False,0.8365982424922438,logloss,0.0077403306171769,0.223807532064299,8,7,600,-1,binary:logistic,73,0.0045800985189901,1.5110168147449747,0.6221180381936587,hist,0,0.5556682122883381,0.0388656001171316,0.4177720941795056,0.0602501221373794,0.3626981778209952,0.0665929933329214,0.3877923986040745,0.0634613393603948,0.5482872015379787,0.0408699753779522,0.544815478564621,0.0547813633662363
36,0.386985579797488,False,0.9185432385935652,logloss,1.3220183509722236,0.0872974973331671,5,9,300,-1,binary:logistic,73,0.0193260899875979,0.1466217365985031,0.7229073200689509,hist,0,0.5908722214329075,0.038607242421119,0.4642472852318973,0.0660148685148386,0.3332177736439352,0.0670992819668977,0.386985579797488,0.0663409812168196,0.5734081491096076,0.0412952016439999,0.5708707297368948,0.0565455160581243
37,0.3936619476708812,False,0.730780024773165,logloss,0.982157020242354,0.1651701471823377,7,6,500,-1,binary:logistic,73,0.0013401029211897,0.7551964928931422,0.6923622688650848,hist,0,0.5700340983945338,0.0328083636135196,0.4354431487764821,0.056188650644172,0.3599670232105864,0.0629267598792087,0.3936619476708812,0.0600994849903499,0.5601544139691307,0.036040143126636,0.5517044323510818,0.0582125785292613
38,0.4008173905325115,False,0.686879843716544,logloss,0.3643152557408025,0.2173271093566613,6,5,200,-1,binary:logistic,73,5.1944100193547e-05,2.8291259281445784,0.6068292972070345,hist,0,0.5660817844826472,0.0377071691391988,0.432472499072944,0.0589968059075345,0.3737580856550966,0.0647257485886531,0.4008173905325115,0.0625581988319193,0.5587750164170412,0.0402292841798601,0.5508171409685377,0.0492409793973516
39,0.4005106486256714,False,0.7219569400469703,logloss,2.9555209880465263,0.2926543622672888,8,8,600,-1,binary:logistic,73,0.0002472560230158,1.7104746052557784,0.6698854945359674,hist,0,0.5926649703576456,0.0269244168495508,0.4696895025540258,0.0433919423328342,0.3534689045787004,0.0735768170931642,0.4005106486256714,0.0582708140882186,0.577326266347371,0.0292064912355989,0.5627742415338067,0.048256253362203
40,0.346831979681163,False,0.9936129719318776,logloss,2.635429919811998,0.0459651226923495,8,1,500,-1,binary:logistic,73,0.0031324080386852,6.452054845582915,0.7570546059351242,hist,0,0.6113357787737493,0.0322838192010935,0.5039729461643738,0.0741972150126459,0.2705787849321439,0.0822014536573083,0.346831979681163,0.0784178676985539,0.5758390429788454,0.0386142301760671,0.5838126601016362,0.0561425537194514
41,0.3984946094508102,False,0.6377817910034107,logloss,0.5652943624630394,0.2616225617087865,4,6,600,-1,binary:logistic,73,1.136747703842278e-06,0.2694026173713326,0.6201202712445246,hist,0,0.5650123348359014,0.0371023789502463,0.4321933299130919,0.0578199968777485,0.3700968164714835,0.0545488957422811,0.3984946094508102,0.0555082489507452,0.5574805738075416,0.0382060904300257,0.5459509330999983,0.0533919304579634
42,0.3839605791670954,False,0.7706564633706122,logloss,0.2669959042400691,0.1883278122807515,2,7,600,-1,binary:logistic,73,4.859813486486011e-06,0.15274703096843,0.6346253641265452,hist,0,0.57327280007233,0.0365929189711917,0.4380708370893101,0.0606916252329449,0.34244704688623,0.0613179128065573,0.3839605791670954,0.0610554244243372,0.5604856655690398,0.038928378145433,0.5576712416116942,0.0480474510140732
43,0.3745694241913863,False,0.6429669338383508,logloss,0.861725397789435,0.2888204990056637,7,6,600,-1,binary:logistic,73,4.257355679043436e-06,0.4560608773872197,0.9800251398335722,hist,0,0.5847622799426528,0.0319475022850183,0.4607628014607312,0.0624769554751188,0.3221790047774067,0.0642642526457777,0.3745694241913863,0.0507459379590998,0.5655744858100509,0.0285194147699757,0.567514066290115,0.0442619999213282
44,0.4013263787814207,False,0.8178829814526013,logloss,0.045320300092551,0.1529804919760901,8,3,500,-1,binary:logistic,73,3.211370421984238e-05,0.1958586785381126,0.6456275619700228,hist,0,0.569318548751663,0.0429320994047662,0.4381058617232493,0.0684915771105422,0.3710057920771149,0.0625632741227886,0.4013263787814207,0.06416942886604,0.5611749083486008,0.0441403687606843,0.5550257007002871,0.0562379698393724
45,0.3924778729431872,False,0.6527223502570997,logloss,0.2185550829563861,0.0647146695234689,4,9,600,-1,binary:logistic,73,1.3570726186778912e-07,0.3456459203602556,0.6096165155931693,hist,0,0.5905131550056185,0.0359352853483976,0.4649701598775708,0.0608285804198672,0.3405952733268507,0.0594973017705891,0.3924778729431872,0.0595983194562036,0.574500035656761,0.0379883806914002,0.5620857182897568,0.0509178599248433
46,0.3342868617553222,False,0.6218684929909443,logloss,4.130991131840653,0.2311686401098448,3,7,500,-1,binary:logistic,73,1.142980090463895e-05,0.587682138605088,0.7882781927990392,hist,0,0.6081061183369283,0.0327721142319705,0.5079870039892219,0.085642857410562,0.2604574472582759,0.085718742777973,0.3342868617553222,0.0835570679442315,0.5698287980077119,0.0373080186768725,0.5781134132423722,0.0410074183470819
47,0.4025414604672516,False,0.6882648835279814,logloss,0.6094420484047076,0.1151653964037635,5,5,600,-1,binary:logistic,73,3.9409764670145486e-08,4.668432009899236,0.6860946347233562,hist,0,0.5768699223744882,0.0423206281817032,0.4458877985765851,0.0676441613441739,0.3672895615778125,0.0703211857751529,0.4025414604672516,0.0694800477993684,0.5670976750166965,0.0450286738472439,0.5604569559964457,0.0585163239495828
48,0.3725512223616604,False,0.7517879882231493,logloss,1.9984810482444433,0.1323332681027628,7,6,500,-1,binary:logistic,73,0.1619419471264591,0.1301503287263206,0.6578662176618794,hist,0,0.5750720070263358,0.0386629248740666,0.4358465564551991,0.0667996260000208,0.3267661607407094,0.0767128956672993,0.3725512223616604,0.0733853170537005,0.5590659247994914,0.0430309103024143,0.5586608004069247,0.0518131966989606
49,0.4074084136961314,False,0.7822341122656702,logloss,0.2916223194468129,0.1788457140705752,6,8,400,-1,binary:logistic,73,5.555360597987281e-07,2.1097187575291145,0.6005427755903674,hist,0,0.5732644046342819,0.0325081926426603,0.4421843396298334,0.0527360950344473,0.3783706083794868,0.0640684499449582,0.4074084136961314,0.0595849499002274,0.5653315132079993,0.0357357295429241,0.5546171746911149,0.051621627207821
